id,place,receive_time,sensor_num,in1,out1,state1,in2,out2,state2
0,0001,2021-01-15 13:00:00.11,2,1590,866,3,867,1585,3
1,0001,2021-01-15 13:00:01.111,2,1590,866,3,867,1585,3
2,0001,2021-01-15 13:00:02.126,2,1590,866,3,867,1585,3
3,0001,2021-01-15 13:00:03.142,2,1590,866,3,867,1585,3
4,0001,2021-01-15 13:00:04.157,2,1590,866,3,867,1585,3
5,0001,2021-01-15 13:00:05.172,2,1590,866,3,867,1585,3
6,0001,2021-01-15 13:00:06.188,2,1590,866,3,867,1585,3
7,0001,2021-01-15 13:00:07.203,2,1590,866,3,867,1585,3
8,0001,2021-01-15 13:00:08.219,2,1591,866,2,867,1586,2
9,0001,2021-01-15 13:00:09.234,2,1591,866,1,867,1586,1
10,0001,2021-01-15 13:00:10.249,2,1591,866,1,867,1586,1
11,0001,2021-01-15 13:00:11.265,2,1591,866,1,867,1586,1
12,0001,2021-01-15 13:00:12.28,2,1591,866,3,867,1586,3
13,0001,2021-01-15 13:00:13.295,2,1591,866,3,867,1586,3
14,0001,2021-01-15 13:00:14.311,2,1591,866,3,867,1586,3
15,0001,2021-01-15 13:00:15.316,2,1591,866,3,867,1586,3
16,0001,2021-01-15 13:00:16.331,2,1591,866,4,867,1586,4
17,0001,2021-01-15 13:00:17.347,2,1591,866,4,867,1586,4
18,0001,2021-01-15 13:00:18.362,2,1591,866,5,867,1586,5
19,0001,2021-01-15 13:00:19.377,2,1591,866,4,867,1586,4
20,0001,2021-01-15 13:00:20.393,2,1591,866,4,867,1586,4
21,0001,2021-01-15 13:00:21.408,2,1592,866,3,867,1587,3
22,0001,2021-01-15 13:00:22.423,2,1592,866,3,867,1587,3
23,0001,2021-01-15 13:00:23.439,2,1592,866,3,867,1587,3
24,0001,2021-01-15 13:00:24.454,2,1592,867,2,868,1587,2
25,0001,2021-01-15 13:00:25.47,2,1592,867,2,868,1587,2
26,0001,2021-01-15 13:00:26.485,2,1592,868,1,869,1587,1
27,0001,2021-01-15 13:00:27.5,2,1592,868,1,869,1587,1
28,0001,2021-01-15 13:00:28.516,2,1592,868,1,869,1587,1
29,0001,2021-01-15 13:00:29.531,2,1592,868,1,869,1587,1
30,0001,2021-01-15 13:00:30.532,2,1592,868,2,869,1587,2
31,0001,2021-01-15 13:00:31.547,2,1592,868,3,869,1587,3
32,0001,2021-01-15 13:00:32.563,2,1592,868,3,869,1587,3
33,0001,2021-01-15 13:00:33.578,2,1592,868,3,869,1587,3
34,0001,2021-01-15 13:00:34.594,2,1592,868,3,869,1587,3
35,0001,2021-01-15 13:00:35.609,2,1592,868,3,869,1587,3
36,0001,2021-01-15 13:00:36.624,2,1592,868,3,869,1587,3
37,0001,2021-01-15 13:00:37.64,2,1592,868,3,869,1587,3
38,0001,2021-01-15 13:00:38.655,2,1592,868,3,869,1587,3
39,0001,2021-01-15 13:00:39.671,2,1592,868,3,869,1587,3
40,0001,2021-01-15 13:00:40.686,2,1592,868,2,869,1587,2
41,0001,2021-01-15 13:00:41.701,2,1592,868,2,869,1587,2
42,0001,2021-01-15 13:00:42.717,2,1593,868,0,869,1588,0
43,0001,2021-01-15 13:00:43.732,2,1593,868,1,869,1588,1
44,0001,2021-01-15 13:00:44.748,2,1593,868,2,869,1588,2
45,0001,2021-01-15 13:00:45.748,2,1593,868,2,869,1588,2
46,0001,2021-01-15 13:00:46.764,2,1593,868,2,869,1588,2
47,0001,2021-01-15 13:00:47.779,2,1593,868,2,869,1588,2
48,0001,2021-01-15 13:00:48.795,2,1593,868,2,869,1588,2
49,0001,2021-01-15 13:00:49.81,2,1593,868,3,869,1588,3
50,0001,2021-01-15 13:00:50.825,2,1593,868,3,869,1588,3
51,0001,2021-01-15 13:00:51.841,2,1593,868,3,869,1588,3
52,0001,2021-01-15 13:00:52.856,2,1593,868,3,869,1588,3
53,0001,2021-01-15 13:00:53.872,2,1594,868,2,869,1589,2
54,0001,2021-01-15 13:00:54.887,2,1594,868,2,869,1589,2
55,0001,2021-01-15 13:00:55.902,2,1594,868,2,869,1589,2
56,0001,2021-01-15 13:00:56.918,2,1595,868,1,869,1590,1
57,0001,2021-01-15 13:00:57.933,2,1595,868,1,869,1590,1
58,0001,2021-01-15 13:00:58.948,2,1595,868,1,869,1590,1
59,0001,2021-01-15 13:00:59.964,2,1596,868,0,869,1591,0
60,0001,2021-01-15 13:01:00.965,2,1596,868,0,869,1591,0
61,0001,2021-01-15 13:01:01.98,2,1596,868,0,869,1591,0
62,0001,2021-01-15 13:01:02.995,2,1596,868,1,869,1591,1
63,0001,2021-01-15 13:01:04.011,2,1596,868,2,869,1591,2
64,0001,2021-01-15 13:01:05.026,2,1596,868,2,869,1591,2
65,0001,2021-01-15 13:01:06.042,2,1596,868,2,869,1591,2
66,0001,2021-01-15 13:01:07.057,2,1596,868,2,869,1591,2
67,0001,2021-01-15 13:01:08.072,2,1596,868,3,869,1591,3
68,0001,2021-01-15 13:01:09.088,2,1596,868,3,869,1591,3
69,0001,2021-01-15 13:01:10.103,2,1597,868,2,869,1591,2
70,0001,2021-01-15 13:01:11.119,2,1597,868,3,869,1591,3
71,0001,2021-01-15 13:01:12.134,2,1597,868,3,869,1591,3
72,0001,2021-01-15 13:01:13.149,2,1598,868,3,869,1592,3
73,0001,2021-01-15 13:01:14.165,2,1598,868,4,869,1592,4
74,0001,2021-01-15 13:01:15.181,2,1598,868,7,869,1592,7
75,0001,2021-01-15 13:01:16.197,2,1598,868,6,869,1592,6
76,0001,2021-01-15 13:01:17.212,2,1598,868,5,869,1592,5
77,0001,2021-01-15 13:01:18.227,2,1598,868,5,869,1592,5
78,0001,2021-01-15 13:01:19.243,2,1598,868,5,869,1592,5
79,0001,2021-01-15 13:01:20.258,2,1599,868,5,869,1593,5
80,0001,2021-01-15 13:01:21.274,2,1599,869,5,870,1593,5
81,0001,2021-01-15 13:01:22.289,2,1599,869,5,870,1593,5
82,0001,2021-01-15 13:01:23.304,2,1599,871,1,872,1594,1
83,0001,2021-01-15 13:01:24.32,2,1599,871,0,872,1594,0
84,0001,2021-01-15 13:01:25.335,2,1599,871,0,872,1594,0
85,0001,2021-01-15 13:01:26.351,2,1599,871,0,872,1594,0
86,0001,2021-01-15 13:01:27.366,2,1599,871,0,872,1594,0
87,0001,2021-01-15 13:01:28.381,2,1599,871,0,872,1594,0
88,0001,2021-01-15 13:01:29.397,2,1599,871,1,872,1594,1
89,0001,2021-01-15 13:01:30.398,2,1599,871,1,872,1594,1
90,0001,2021-01-15 13:01:31.413,2,1599,871,1,872,1594,1
91,0001,2021-01-15 13:01:32.429,2,1599,871,1,872,1594,1
92,0001,2021-01-15 13:01:33.444,2,1599,871,1,872,1594,1
93,0001,2021-01-15 13:01:34.459,2,1599,871,1,872,1594,1
94,0001,2021-01-15 13:01:35.475,2,1599,871,1,872,1594,1
95,0001,2021-01-15 13:01:36.49,2,1599,871,1,872,1594,1
96,0001,2021-01-15 13:01:37.505,2,1599,871,1,872,1594,1
97,0001,2021-01-15 13:01:38.521,2,1599,871,1,872,1594,1
98,0001,2021-01-15 13:01:39.536,2,1600,871,0,872,1595,0
99,0001,2021-01-15 13:01:40.551,2,1600,871,0,872,1595,0
100,0001,2021-01-15 13:01:41.567,2,1600,871,0,872,1595,0
101,0001,2021-01-15 13:01:42.582,2,1600,871,0,872,1595,0
102,0001,2021-01-15 13:01:43.598,2,1600,871,0,872,1595,0
103,0001,2021-01-15 13:01:44.613,2,1600,871,0,872,1595,0
104,0001,2021-01-15 13:01:45.614,2,1600,871,0,872,1595,0
105,0001,2021-01-15 13:01:46.629,2,1600,871,1,872,1595,1
106,0001,2021-01-15 13:01:47.645,2,1600,871,1,872,1595,1
107,0001,2021-01-15 13:01:48.66,2,1600,871,1,872,1595,1
108,0001,2021-01-15 13:01:49.675,2,1600,871,1,872,1595,1
109,0001,2021-01-15 13:01:50.691,2,1600,871,1,872,1595,1
110,0001,2021-01-15 13:01:51.706,2,1600,871,1,872,1595,1
111,0001,2021-01-15 13:01:52.722,2,1600,871,1,872,1595,1
112,0001,2021-01-15 13:01:53.737,2,1600,871,1,872,1595,1
113,0001,2021-01-15 13:01:54.752,2,1600,871,1,872,1595,1
114,0001,2021-01-15 13:01:55.768,2,1600,871,1,872,1595,1
115,0001,2021-01-15 13:01:56.783,2,1600,871,1,872,1595,1
116,0001,2021-01-15 13:01:57.799,2,1600,871,1,872,1595,1
117,0001,2021-01-15 13:01:58.814,2,1601,871,0,872,1596,0
118,0001,2021-01-15 13:01:59.829,2,1601,871,0,872,1596,0
119,0001,2021-01-15 13:02:00.83,2,1601,871,0,872,1596,0
120,0001,2021-01-15 13:02:01.846,2,1601,871,1,872,1596,1
121,0001,2021-01-15 13:02:02.861,2,1601,871,1,872,1596,1
122,0001,2021-01-15 13:02:03.877,2,1601,871,1,872,1596,1
123,0001,2021-01-15 13:02:04.892,2,1601,871,1,872,1596,1
124,0001,2021-01-15 13:02:05.907,2,1601,871,1,872,1596,1
125,0001,2021-01-15 13:02:06.923,2,1601,871,1,872,1596,1
126,0001,2021-01-15 13:02:07.938,2,1601,871,1,872,1596,1
127,0001,2021-01-15 13:02:08.954,2,1601,871,1,872,1596,1
128,0001,2021-01-15 13:02:09.969,2,1602,871,0,872,1597,0
129,0001,2021-01-15 13:02:10.984,2,1602,871,2,872,1597,2
130,0001,2021-01-15 13:02:12,2,1602,871,3,872,1597,3
131,0001,2021-01-15 13:02:13.015,2,1602,871,4,872,1597,4
132,0001,2021-01-15 13:02:14.03,2,1602,871,5,872,1597,5
133,0001,2021-01-15 13:02:15.046,2,1602,871,7,872,1597,7
134,0001,2021-01-15 13:02:16.047,2,1602,871,10,872,1597,10
135,0001,2021-01-15 13:02:17.062,2,1602,871,9,872,1597,9
136,0001,2021-01-15 13:02:18.077,2,1602,871,10,872,1597,10
137,0001,2021-01-15 13:02:19.093,2,1602,871,10,872,1597,10
138,0001,2021-01-15 13:02:20.108,2,1602,871,9,872,1597,9
139,0001,2021-01-15 13:02:21.124,2,1603,872,7,873,1598,7
140,0001,2021-01-15 13:02:22.139,2,1603,872,7,873,1598,7
141,0001,2021-01-15 13:02:23.154,2,1603,872,5,873,1598,5
142,0001,2021-01-15 13:02:24.17,2,1603,873,5,874,1598,5
143,0001,2021-01-15 13:02:25.185,2,1603,873,4,874,1598,4
144,0001,2021-01-15 13:02:26.201,2,1604,873,1,874,1599,1
145,0001,2021-01-15 13:02:27.216,2,1604,873,1,874,1599,1
146,0001,2021-01-15 13:02:28.232,2,1604,873,0,874,1599,0
147,0001,2021-01-15 13:02:29.247,2,1604,873,1,874,1599,1
148,0001,2021-01-15 13:02:30.252,2,1604,873,1,874,1599,1
149,0001,2021-01-15 13:02:31.267,2,1604,873,1,874,1599,1
150,0001,2021-01-15 13:02:32.282,2,1604,873,1,874,1599,1
151,0001,2021-01-15 13:02:33.298,2,1604,873,1,874,1599,1
152,0001,2021-01-15 13:02:34.313,2,1604,873,1,874,1599,1
153,0001,2021-01-15 13:02:35.328,2,1604,873,1,874,1599,1
154,0001,2021-01-15 13:02:36.344,2,1604,873,1,874,1599,1
155,0001,2021-01-15 13:02:37.359,2,1604,873,1,874,1599,1
156,0001,2021-01-15 13:02:38.375,2,1604,873,2,874,1599,2
157,0001,2021-01-15 13:02:39.39,2,1605,873,1,874,1600,1
158,0001,2021-01-15 13:02:40.405,2,1605,873,1,874,1600,1
159,0001,2021-01-15 13:02:41.421,2,1605,873,3,874,1600,3
160,0001,2021-01-15 13:02:42.436,2,1605,873,3,874,1600,3
161,0001,2021-01-15 13:02:43.452,2,1605,873,4,874,1600,4
162,0001,2021-01-15 13:02:44.467,2,1605,873,4,874,1600,4
163,0001,2021-01-15 13:02:45.468,2,1605,873,5,874,1600,5
164,0001,2021-01-15 13:02:46.483,2,1605,873,5,874,1600,5
165,0001,2021-01-15 13:02:47.499,2,1605,873,5,874,1600,5
166,0001,2021-01-15 13:02:48.514,2,1605,873,5,874,1600,5
167,0001,2021-01-15 13:02:49.529,2,1605,875,4,876,1600,4
168,0001,2021-01-15 13:02:50.545,2,1605,875,4,876,1600,4
169,0001,2021-01-15 13:02:51.56,2,1605,875,5,876,1600,5
170,0001,2021-01-15 13:02:52.576,2,1605,875,5,876,1600,5
171,0001,2021-01-15 13:02:53.591,2,1606,875,3,876,1601,3
172,0001,2021-01-15 13:02:54.606,2,1606,875,2,876,1601,2
173,0001,2021-01-15 13:02:55.622,2,1607,875,1,876,1602,1
174,0001,2021-01-15 13:02:56.637,2,1607,875,1,876,1602,1
175,0001,2021-01-15 13:02:57.652,2,1607,875,3,876,1602,3
176,0001,2021-01-15 13:02:58.668,2,1607,875,3,876,1602,3
177,0001,2021-01-15 13:02:59.683,2,1608,875,2,876,1603,2
178,0001,2021-01-15 13:03:00.684,2,1608,875,3,876,1603,3
179,0001,2021-01-15 13:03:01.7,2,1608,875,2,876,1603,2
180,0001,2021-01-15 13:03:02.715,2,1608,875,2,876,1603,2
181,0001,2021-01-15 13:03:03.73,2,1608,875,2,876,1603,2
182,0001,2021-01-15 13:03:04.746,2,1608,875,2,876,1603,2
183,0001,2021-01-15 13:03:05.761,2,1608,875,2,876,1603,2
184,0001,2021-01-15 13:03:06.776,2,1608,875,2,876,1603,2
185,0001,2021-01-15 13:03:07.792,2,1608,875,2,876,1603,2
186,0001,2021-01-15 13:03:08.807,2,1608,876,1,877,1603,1
187,0001,2021-01-15 13:03:09.823,2,1608,877,0,878,1603,0
188,0001,2021-01-15 13:03:10.838,2,1608,877,0,878,1603,0
189,0001,2021-01-15 13:03:11.853,2,1608,877,0,878,1603,0
190,0001,2021-01-15 13:03:12.869,2,1608,877,0,878,1603,0
191,0001,2021-01-15 13:03:13.884,2,1608,877,0,878,1603,0
192,0001,2021-01-15 13:03:14.9,2,1608,877,0,878,1603,0
193,0001,2021-01-15 13:03:15.9,2,1608,877,0,878,1603,0
194,0001,2021-01-15 13:03:16.916,2,1608,877,0,878,1603,0
195,0001,2021-01-15 13:03:17.931,2,1608,877,1,878,1603,1
196,0001,2021-01-15 13:03:18.947,2,1608,877,1,878,1603,1
197,0001,2021-01-15 13:03:19.962,2,1608,877,1,878,1603,1
198,0001,2021-01-15 13:03:20.977,2,1608,877,1,878,1603,1
199,0001,2021-01-15 13:03:21.993,2,1608,877,1,878,1603,1
200,0001,2021-01-15 13:03:23.008,2,1608,877,1,878,1603,1
201,0001,2021-01-15 13:03:24.024,2,1608,877,1,878,1603,1
202,0001,2021-01-15 13:03:25.039,2,1608,877,1,878,1603,1
203,0001,2021-01-15 13:03:26.054,2,1608,877,1,878,1603,1
204,0001,2021-01-15 13:03:27.07,2,1608,877,1,878,1603,1
205,0001,2021-01-15 13:03:28.085,2,1608,878,1,879,1603,1
206,0001,2021-01-15 13:03:29.1,2,1608,878,1,879,1603,1
207,0001,2021-01-15 13:03:30.116,2,1608,878,1,879,1603,1
208,0001,2021-01-15 13:03:31.117,2,1608,878,1,879,1603,1
209,0001,2021-01-15 13:03:32.132,2,1608,878,2,879,1603,2
210,0001,2021-01-15 13:03:33.148,2,1608,878,3,879,1603,3
211,0001,2021-01-15 13:03:34.163,2,1608,878,4,879,1603,4
212,0001,2021-01-15 13:03:35.178,2,1608,878,4,879,1603,4
213,0001,2021-01-15 13:03:36.194,2,1608,878,4,879,1603,4
214,0001,2021-01-15 13:03:38.224,1,1608,878,6,879,1603,6
215,0001,2021-01-15 13:03:39.24,1,1608,878,7,879,1603,7
216,0001,2021-01-15 13:03:40.255,1,1608,878,7,879,1603,7
217,0001,2021-01-15 13:03:41.271,1,1608,878,4,879,1603,4
218,0001,2021-01-15 13:03:42.286,1,1608,878,4,879,1603,4
219,0001,2021-01-15 13:03:43.302,1,1608,878,4,879,1603,4
220,0001,2021-01-15 13:03:44.317,2,1608,878,6,879,1603,6
221,0001,2021-01-15 13:03:45.318,2,1608,879,4,880,1603,4
222,0001,2021-01-15 13:03:46.333,2,1608,879,3,880,1603,3
223,0001,2021-01-15 13:03:47.348,2,1608,879,2,880,1603,2
224,0001,2021-01-15 13:03:48.364,2,1608,880,2,881,1603,2
225,0001,2021-01-15 13:03:49.379,2,1608,880,2,881,1603,2
226,0001,2021-01-15 13:03:50.395,2,1608,880,2,881,1603,2
227,0001,2021-01-15 13:03:51.41,2,1608,880,2,881,1603,2
228,0001,2021-01-15 13:03:52.425,2,1608,880,3,881,1603,3
229,0001,2021-01-15 13:03:53.441,2,1608,880,3,881,1603,3
230,0001,2021-01-15 13:03:54.456,2,1608,880,3,881,1603,3
231,0001,2021-01-15 13:03:55.472,2,1608,880,4,881,1603,4
232,0001,2021-01-15 13:03:56.487,2,1608,881,3,882,1603,3
233,0001,2021-01-15 13:03:57.502,2,1609,881,1,882,1604,1
234,0001,2021-01-15 13:03:58.518,2,1609,881,1,882,1604,1
235,0001,2021-01-15 13:03:59.533,2,1609,881,1,882,1604,1
236,0001,2021-01-15 13:04:00.534,2,1609,881,1,882,1604,1
237,0001,2021-01-15 13:04:01.549,2,1609,881,1,882,1604,1
238,0001,2021-01-15 13:04:02.565,2,1610,881,2,882,1605,2
239,0001,2021-01-15 13:04:03.58,2,1610,881,2,882,1605,2
240,0001,2021-01-15 13:04:04.596,2,1610,881,3,882,1605,3
241,0001,2021-01-15 13:04:05.605,2,1610,881,3,882,1605,3
242,0001,2021-01-15 13:04:06.621,2,1610,881,3,882,1605,3
243,0001,2021-01-15 13:04:07.636,2,1610,881,3,882,1605,3
244,0001,2021-01-15 13:04:08.651,2,1610,881,3,882,1605,3
245,0001,2021-01-15 13:04:09.667,2,1610,881,3,882,1605,3
246,0001,2021-01-15 13:04:10.682,2,1610,881,3,882,1605,3
247,0001,2021-01-15 13:04:11.698,2,1610,881,5,882,1605,5
248,0001,2021-01-15 13:04:12.713,2,1610,882,5,883,1605,5
249,0001,2021-01-15 13:04:13.728,2,1610,882,5,883,1605,5
250,0001,2021-01-15 13:04:14.744,2,1610,883,4,884,1605,4
251,0001,2021-01-15 13:04:15.745,2,1610,883,4,884,1605,4
252,0001,2021-01-15 13:04:16.76,2,1610,883,5,884,1605,5
253,0001,2021-01-15 13:04:17.775,2,1610,883,5,884,1605,5
254,0001,2021-01-15 13:04:18.791,2,1610,883,7,884,1605,7
255,0001,2021-01-15 13:04:19.806,2,1610,883,8,884,1605,8
256,0001,2021-01-15 13:04:20.822,2,1610,884,7,885,1605,7
257,0001,2021-01-15 13:04:21.837,2,1610,885,6,886,1605,6
258,0001,2021-01-15 13:04:22.852,2,1610,885,8,886,1605,8
259,0001,2021-01-15 13:04:23.868,2,1610,887,6,888,1605,6
260,0001,2021-01-15 13:04:24.883,2,1610,887,6,888,1605,6
261,0001,2021-01-15 13:04:25.899,2,1610,887,7,888,1605,7
262,0001,2021-01-15 13:04:26.914,2,1610,887,6,888,1605,6
263,0001,2021-01-15 13:04:27.929,2,1611,888,4,889,1606,4
264,0001,2021-01-15 13:04:28.931,2,1611,889,2,890,1606,2
265,0001,2021-01-15 13:04:29.931,2,1611,889,1,890,1606,1
266,0001,2021-01-15 13:04:30.936,2,1611,889,1,890,1606,1
267,0001,2021-01-15 13:04:31.952,2,1611,889,1,890,1606,1
268,0001,2021-01-15 13:04:32.967,2,1611,889,1,890,1606,1
269,0001,2021-01-15 13:04:33.982,2,1611,890,0,891,1606,0
270,0001,2021-01-15 13:04:34.997,2,1611,890,0,891,1606,0
271,0001,2021-01-15 13:04:36.013,2,1611,890,0,891,1606,0
272,0001,2021-01-15 13:04:37.028,2,1611,890,1,891,1606,1
273,0001,2021-01-15 13:04:38.044,2,1611,890,1,891,1606,1
274,0001,2021-01-15 13:04:39.059,2,1611,890,1,891,1606,1
275,0001,2021-01-15 13:04:40.074,2,1611,890,1,891,1606,1
276,0001,2021-01-15 13:04:41.09,2,1611,890,2,891,1606,2
277,0001,2021-01-15 13:04:42.105,2,1611,890,2,891,1606,2
278,0001,2021-01-15 13:04:43.12,2,1611,890,4,891,1606,4
279,0001,2021-01-15 13:04:44.136,2,1611,890,4,891,1606,4
280,0001,2021-01-15 13:04:45.151,2,1611,890,4,891,1606,4
281,0001,2021-01-15 13:04:46.152,2,1611,890,4,891,1606,4
282,0001,2021-01-15 13:04:47.168,2,1611,890,4,891,1606,4
283,0001,2021-01-15 13:04:48.183,2,1611,891,4,892,1606,4
284,0001,2021-01-15 13:04:49.198,2,1611,891,4,892,1606,4
285,0001,2021-01-15 13:04:50.214,2,1611,891,4,892,1606,4
286,0001,2021-01-15 13:04:51.229,2,1612,891,2,892,1607,2
287,0001,2021-01-15 13:04:52.244,2,1612,891,2,892,1607,2
288,0001,2021-01-15 13:04:53.26,2,1612,891,2,892,1607,2
289,0001,2021-01-15 13:04:54.275,2,1613,892,1,893,1608,1
290,0001,2021-01-15 13:04:55.291,2,1613,892,1,893,1608,1
291,0001,2021-01-15 13:04:56.306,2,1613,892,2,893,1608,2
292,0001,2021-01-15 13:04:57.321,2,1613,892,2,893,1608,2
293,0001,2021-01-15 13:04:58.337,2,1613,892,2,893,1608,2
294,0001,2021-01-15 13:04:59.352,2,1613,892,1,893,1608,1
295,0001,2021-01-15 13:05:00.353,2,1613,892,1,893,1608,1
296,0001,2021-01-15 13:05:01.368,2,1613,892,1,893,1608,1
297,0001,2021-01-15 13:05:02.384,2,1613,892,3,893,1608,3
298,0001,2021-01-15 13:05:03.399,2,1613,892,3,893,1608,3
299,0001,2021-01-15 13:05:04.415,2,1614,892,2,893,1609,2
300,0001,2021-01-15 13:05:05.43,2,1614,892,2,893,1609,2
301,0001,2021-01-15 13:05:06.445,2,1614,892,1,893,1609,1
302,0001,2021-01-15 13:05:07.461,2,1614,892,2,893,1609,2
303,0001,2021-01-15 13:05:08.476,2,1614,892,2,893,1609,2
304,0001,2021-01-15 13:05:09.492,2,1614,892,2,893,1609,2
305,0001,2021-01-15 13:05:10.507,2,1614,893,1,894,1609,1
306,0001,2021-01-15 13:05:11.522,2,1614,893,1,894,1609,1
307,0001,2021-01-15 13:05:12.538,2,1614,893,1,894,1609,1
308,0001,2021-01-15 13:05:13.553,2,1614,893,1,894,1609,1
309,0001,2021-01-15 13:05:14.568,2,1614,893,2,894,1609,2
310,0001,2021-01-15 13:05:15.57,2,1614,893,3,894,1609,3
311,0001,2021-01-15 13:05:16.585,2,1614,893,3,894,1609,3
312,0001,2021-01-15 13:05:17.6,2,1614,893,3,894,1609,3
313,0001,2021-01-15 13:05:18.616,2,1614,893,3,894,1609,3
314,0001,2021-01-15 13:05:19.631,2,1615,893,4,894,1610,4
315,0001,2021-01-15 13:05:20.646,2,1615,893,4,894,1610,4
316,0001,2021-01-15 13:05:21.662,2,1615,893,5,894,1610,5
317,0001,2021-01-15 13:05:22.677,2,1615,893,5,894,1610,5
318,0001,2021-01-15 13:05:23.693,2,1615,893,5,894,1610,5
319,0001,2021-01-15 13:05:24.708,2,1615,894,4,895,1610,4
320,0001,2021-01-15 13:05:25.723,2,1616,894,2,895,1611,2
321,0001,2021-01-15 13:05:26.739,2,1616,894,3,895,1611,3
322,0001,2021-01-15 13:05:27.754,2,1616,894,3,895,1611,3
323,0001,2021-01-15 13:05:28.77,2,1616,894,3,895,1611,3
324,0001,2021-01-15 13:05:29.785,2,1616,895,2,896,1611,2
325,0001,2021-01-15 13:05:30.786,2,1616,895,2,896,1611,2
326,0001,2021-01-15 13:05:31.802,2,1616,895,2,896,1611,2
327,0001,2021-01-15 13:05:32.817,2,1616,895,1,896,1611,1
328,0001,2021-01-15 13:05:33.832,2,1616,895,1,896,1611,1
329,0001,2021-01-15 13:05:34.848,2,1616,895,1,896,1611,1
330,0001,2021-01-15 13:05:35.863,2,1616,895,1,896,1611,1
331,0001,2021-01-15 13:05:36.879,2,1616,895,1,896,1611,1
332,0001,2021-01-15 13:05:37.894,2,1617,895,0,896,1612,0
333,0001,2021-01-15 13:05:38.909,2,1617,895,0,896,1612,0
334,0001,2021-01-15 13:05:39.925,2,1617,895,2,896,1612,2
335,0001,2021-01-15 13:05:40.94,2,1617,895,2,896,1612,2
336,0001,2021-01-15 13:05:41.955,2,1617,895,3,896,1612,3
337,0001,2021-01-15 13:05:42.971,2,1617,895,3,896,1612,3
338,0001,2021-01-15 13:05:43.986,2,1617,895,3,896,1612,3
339,0001,2021-01-15 13:05:45.002,2,1617,895,3,896,1612,3
340,0001,2021-01-15 13:05:46.003,2,1617,895,3,896,1612,3
341,0001,2021-01-15 13:05:47.018,2,1617,895,3,896,1612,3
342,0001,2021-01-15 13:05:48.033,2,1617,895,4,896,1612,4
343,0001,2021-01-15 13:05:49.049,2,1617,895,4,896,1612,4
344,0001,2021-01-15 13:05:50.064,2,1618,896,1,897,1613,1
345,0001,2021-01-15 13:05:51.08,2,1618,896,1,897,1613,1
346,0001,2021-01-15 13:05:52.095,2,1619,896,1,897,1614,1
347,0001,2021-01-15 13:05:53.11,2,1619,896,1,897,1614,1
348,0001,2021-01-15 13:05:54.126,2,1619,896,1,897,1614,1
349,0001,2021-01-15 13:05:55.141,2,1619,896,2,897,1614,2
350,0001,2021-01-15 13:05:56.156,2,1619,896,2,897,1614,2
351,0001,2021-01-15 13:05:57.172,2,1619,896,2,897,1614,2
352,0001,2021-01-15 13:05:58.187,2,1619,896,3,897,1614,3
353,0001,2021-01-15 13:05:59.203,2,1619,896,4,897,1614,4
354,0001,2021-01-15 13:06:00.204,2,1619,896,4,897,1614,4
355,0001,2021-01-15 13:06:01.219,2,1619,896,4,897,1614,4
356,0001,2021-01-15 13:06:02.234,2,1620,896,3,897,1615,3
357,0001,2021-01-15 13:06:03.25,2,1620,896,4,897,1615,4
358,0001,2021-01-15 13:06:04.265,2,1620,897,3,898,1615,3
359,0001,2021-01-15 13:06:05.28,2,1620,897,3,898,1615,3
360,0001,2021-01-15 13:06:06.296,2,1620,897,3,898,1615,3
361,0001,2021-01-15 13:06:07.311,2,1620,897,3,898,1615,3
362,0001,2021-01-15 13:06:08.327,2,1620,899,1,900,1615,1
363,0001,2021-01-15 13:06:09.342,2,1620,899,1,900,1615,1
364,0001,2021-01-15 13:06:10.357,2,1620,899,1,900,1615,1
365,0001,2021-01-15 13:06:11.373,2,1620,899,1,900,1615,1
366,0001,2021-01-15 13:06:12.388,2,1620,900,0,901,1615,0
367,0001,2021-01-15 13:06:13.404,2,1620,900,0,901,1615,0
368,0001,2021-01-15 13:06:14.419,2,1620,900,0,901,1615,0
369,0001,2021-01-15 13:06:15.42,2,1620,900,0,901,1615,0
370,0001,2021-01-15 13:06:16.435,2,1620,900,0,901,1615,0
371,0001,2021-01-15 13:06:17.451,2,1620,900,0,901,1615,0
372,0001,2021-01-15 13:06:18.466,2,1620,900,0,901,1615,0
373,0001,2021-01-15 13:06:19.481,2,1620,900,1,901,1615,1
374,0001,2021-01-15 13:06:20.497,2,1620,900,1,901,1615,1
375,0001,2021-01-15 13:06:21.512,2,1620,900,1,901,1615,1
376,0001,2021-01-15 13:06:22.528,2,1620,900,1,901,1615,1
377,0001,2021-01-15 13:06:23.543,2,1620,900,1,901,1615,1
378,0001,2021-01-15 13:06:24.558,2,1620,900,1,901,1615,1
379,0001,2021-01-15 13:06:25.574,2,1620,900,1,901,1615,1
380,0001,2021-01-15 13:06:26.589,2,1620,900,2,901,1615,2
381,0001,2021-01-15 13:06:27.605,2,1621,900,1,901,1616,1
382,0001,2021-01-15 13:06:28.62,2,1621,900,1,901,1616,1
383,0001,2021-01-15 13:06:29.635,2,1621,900,1,901,1616,1
384,0001,2021-01-15 13:06:30.636,2,1621,900,1,901,1616,1
385,0001,2021-01-15 13:06:31.652,2,1621,900,1,901,1616,1
386,0001,2021-01-15 13:06:32.667,2,1621,900,1,901,1616,1
387,0001,2021-01-15 13:06:33.682,2,1621,900,1,901,1616,1
388,0001,2021-01-15 13:06:34.698,2,1621,900,1,901,1616,1
389,0001,2021-01-15 13:06:35.713,2,1621,900,1,901,1616,1
390,0001,2021-01-15 13:06:36.729,2,1621,901,1,902,1616,1
391,0001,2021-01-15 13:06:37.744,2,1621,901,1,902,1616,1
392,0001,2021-01-15 13:06:38.759,2,1621,901,2,902,1616,2
393,0001,2021-01-15 13:06:39.775,2,1621,901,2,902,1616,2
394,0001,2021-01-15 13:06:40.79,2,1621,901,3,902,1616,3
395,0001,2021-01-15 13:06:41.806,2,1621,901,3,902,1616,3
396,0001,2021-01-15 13:06:42.821,2,1621,901,3,902,1616,3
397,0001,2021-01-15 13:06:43.836,2,1622,901,2,902,1617,2
398,0001,2021-01-15 13:06:44.852,2,1622,901,3,902,1617,3
399,0001,2021-01-15 13:06:45.857,2,1622,901,3,902,1617,3
400,0001,2021-01-15 13:06:46.872,2,1622,901,3,902,1617,3
401,0001,2021-01-15 13:06:47.887,2,1622,901,3,902,1617,3
402,0001,2021-01-15 13:06:48.903,2,1622,902,2,903,1617,2
403,0001,2021-01-15 13:06:49.918,2,1622,902,2,903,1617,2
404,0001,2021-01-15 13:06:50.933,2,1622,902,2,903,1617,2
405,0001,2021-01-15 13:06:51.949,2,1622,903,1,904,1617,1
406,0001,2021-01-15 13:06:52.964,2,1622,903,1,904,1617,1
407,0001,2021-01-15 13:06:53.98,2,1622,903,1,904,1617,1
408,0001,2021-01-15 13:06:54.995,2,1623,903,0,904,1618,0
409,0001,2021-01-15 13:06:56.01,2,1623,903,1,904,1618,1
410,0001,2021-01-15 13:06:57.026,2,1623,903,3,904,1618,3
411,0001,2021-01-15 13:06:58.041,2,1623,903,3,904,1618,3
412,0001,2021-01-15 13:06:59.057,2,1623,903,3,904,1618,3
413,0001,2021-01-15 13:07:00.072,2,1623,903,3,904,1618,3
414,0001,2021-01-15 13:07:01.073,2,1623,903,3,904,1618,3
415,0001,2021-01-15 13:07:02.088,2,1623,903,3,904,1618,3
416,0001,2021-01-15 13:07:03.104,2,1623,903,3,904,1618,3
417,0001,2021-01-15 13:07:04.119,2,1623,903,3,904,1618,3
418,0001,2021-01-15 13:07:05.134,2,1623,903,3,904,1618,3
419,0001,2021-01-15 13:07:06.15,2,1623,904,2,905,1618,2
420,0001,2021-01-15 13:07:07.165,2,1623,906,0,907,1618,0
421,0001,2021-01-15 13:07:08.181,2,1623,906,0,907,1618,0
422,0001,2021-01-15 13:07:09.196,2,1623,906,0,907,1618,0
423,0001,2021-01-15 13:07:10.211,2,1623,906,0,907,1618,0
424,0001,2021-01-15 13:07:11.227,2,1623,906,1,907,1618,1
425,0001,2021-01-15 13:07:12.242,2,1623,906,2,907,1618,2
426,0001,2021-01-15 13:07:13.258,2,1623,906,2,907,1618,2
427,0001,2021-01-15 13:07:14.273,2,1623,906,3,907,1618,3
428,0001,2021-01-15 13:07:15.274,2,1623,906,3,907,1618,3
429,0001,2021-01-15 13:07:16.29,2,1623,906,3,907,1618,3
430,0001,2021-01-15 13:07:17.29,2,1623,906,3,907,1618,3
431,0001,2021-01-15 13:07:18.306,2,1623,906,3,907,1618,3
432,0001,2021-01-15 13:07:19.307,2,1623,906,3,907,1618,3
433,0001,2021-01-15 13:07:20.32,2,1623,907,5,908,1618,5
434,0001,2021-01-15 13:07:21.321,2,1623,907,7,908,1618,7
435,0001,2021-01-15 13:07:22.336,2,1623,908,7,909,1618,7
436,0001,2021-01-15 13:07:23.351,2,1623,908,7,909,1618,7
437,0001,2021-01-15 13:07:24.367,2,1623,909,6,910,1618,6
438,0001,2021-01-15 13:07:25.368,2,1623,909,7,910,1618,7
439,0001,2021-01-15 13:07:26.383,2,1623,909,7,910,1618,7
440,0001,2021-01-15 13:07:27.398,2,1623,909,7,910,1618,7
441,0001,2021-01-15 13:07:28.414,2,1623,909,8,910,1618,8
442,0001,2021-01-15 13:07:29.429,2,1623,909,7,910,1618,7
443,0001,2021-01-15 13:07:30.43,2,1624,909,7,910,1619,7
444,0001,2021-01-15 13:07:31.446,2,1624,909,6,910,1619,6
445,0001,2021-01-15 13:07:32.461,2,1625,911,2,912,1620,2
446,0001,2021-01-15 13:07:33.476,2,1626,911,1,912,1621,1
447,0001,2021-01-15 13:07:34.492,2,1626,911,3,912,1621,3
448,0001,2021-01-15 13:07:35.507,2,1626,911,2,912,1621,2
449,0001,2021-01-15 13:07:36.523,2,1626,911,2,912,1621,2
450,0001,2021-01-15 13:07:37.538,2,1626,911,2,912,1621,2
451,0001,2021-01-15 13:07:38.553,2,1626,911,2,912,1621,2
452,0001,2021-01-15 13:07:39.569,2,1626,911,2,912,1621,2
453,0001,2021-01-15 13:07:40.584,2,1626,911,2,912,1621,2
454,0001,2021-01-15 13:07:41.599,2,1626,911,2,912,1621,2
455,0001,2021-01-15 13:07:42.615,2,1626,912,1,913,1621,1
456,0001,2021-01-15 13:07:43.63,2,1626,912,2,913,1621,2
457,0001,2021-01-15 13:07:44.646,2,1626,913,1,914,1621,1
458,0001,2021-01-15 13:07:45.647,2,1626,913,1,914,1621,1
459,0001,2021-01-15 13:07:46.662,2,1626,913,1,914,1621,1
460,0001,2021-01-15 13:07:47.677,2,1626,913,2,914,1621,2
461,0001,2021-01-15 13:07:48.693,2,1626,913,2,914,1621,2
462,0001,2021-01-15 13:07:49.708,2,1626,913,2,914,1621,2
463,0001,2021-01-15 13:07:50.723,2,1626,913,3,914,1621,3
464,0001,2021-01-15 13:07:51.739,2,1626,913,3,914,1621,3
465,0001,2021-01-15 13:07:52.754,2,1626,913,3,914,1621,3
466,0001,2021-01-15 13:07:53.77,2,1627,913,4,914,1622,4
467,0001,2021-01-15 13:07:54.785,2,1627,913,4,914,1622,4
468,0001,2021-01-15 13:07:55.8,2,1627,913,4,914,1622,4
469,0001,2021-01-15 13:07:56.816,2,1627,913,5,914,1622,5
470,0001,2021-01-15 13:07:57.831,2,1627,914,4,915,1622,4
471,0001,2021-01-15 13:07:58.847,2,1627,914,4,915,1622,4
472,0001,2021-01-15 13:07:59.862,2,1627,915,3,916,1622,3
473,0001,2021-01-15 13:08:00.863,2,1627,915,3,916,1622,3
474,0001,2021-01-15 13:08:01.879,2,1627,915,4,916,1622,4
475,0001,2021-01-15 13:08:02.894,2,1628,915,3,916,1623,3
476,0001,2021-01-15 13:08:03.91,2,1629,915,3,916,1624,3
477,0001,2021-01-15 13:08:04.925,2,1629,915,3,916,1624,3
478,0001,2021-01-15 13:08:05.94,2,1629,915,3,916,1624,3
479,0001,2021-01-15 13:08:06.956,2,1629,915,4,916,1624,4
480,0001,2021-01-15 13:08:07.971,2,1630,915,3,916,1625,3
481,0001,2021-01-15 13:08:08.986,2,1630,916,2,917,1625,2
482,0001,2021-01-15 13:08:10.002,2,1630,916,2,917,1625,2
483,0001,2021-01-15 13:08:11.017,2,1630,916,2,917,1625,2
484,0001,2021-01-15 13:08:12.033,2,1630,916,2,917,1625,2
485,0001,2021-01-15 13:08:13.048,2,1630,916,2,917,1625,2
486,0001,2021-01-15 13:08:14.063,2,1630,916,2,917,1625,2
487,0001,2021-01-15 13:08:15.079,2,1631,916,1,917,1626,1
488,0001,2021-01-15 13:08:16.08,2,1631,916,1,917,1626,1
489,0001,2021-01-15 13:08:17.095,2,1631,916,1,917,1626,1
490,0001,2021-01-15 13:08:18.111,2,1631,917,0,918,1626,0
491,0001,2021-01-15 13:08:19.126,2,1631,917,0,918,1626,0
492,0001,2021-01-15 13:08:20.141,2,1631,917,0,918,1626,0
493,0001,2021-01-15 13:08:21.157,2,1631,917,1,918,1626,1
494,0001,2021-01-15 13:08:22.172,2,1631,917,1,918,1626,1
495,0001,2021-01-15 13:08:23.187,2,1631,917,1,918,1626,1
496,0001,2021-01-15 13:08:24.203,2,1631,917,1,918,1626,1
497,0001,2021-01-15 13:08:25.218,2,1631,917,2,918,1626,2
498,0001,2021-01-15 13:08:26.234,2,1631,917,2,918,1626,2
499,0001,2021-01-15 13:08:27.249,2,1631,917,2,918,1626,2
500,0001,2021-01-15 13:08:28.264,2,1631,917,2,918,1626,2
501,0001,2021-01-15 13:08:29.28,2,1631,917,2,918,1626,2
502,0001,2021-01-15 13:08:30.281,2,1631,917,2,918,1626,2
503,0001,2021-01-15 13:08:31.296,2,1632,917,1,918,1627,1
504,0001,2021-01-15 13:08:32.312,2,1632,917,1,918,1627,1
505,0001,2021-01-15 13:08:33.327,2,1632,917,1,918,1627,1
506,0001,2021-01-15 13:08:34.343,2,1633,917,0,918,1628,0
507,0001,2021-01-15 13:08:35.358,2,1633,917,0,918,1628,0
508,0001,2021-01-15 13:08:36.373,2,1633,917,0,918,1628,0
509,0001,2021-01-15 13:08:37.389,2,1633,917,0,918,1628,0
510,0001,2021-01-15 13:08:38.404,2,1633,917,1,918,1628,1
511,0001,2021-01-15 13:08:39.42,2,1633,917,1,918,1628,1
512,0001,2021-01-15 13:08:40.435,2,1633,917,1,918,1628,1
513,0001,2021-01-15 13:08:41.45,2,1633,917,1,918,1628,1
514,0001,2021-01-15 13:08:42.466,2,1633,917,1,918,1628,1
515,0001,2021-01-15 13:08:43.481,2,1633,917,2,918,1628,2
516,0001,2021-01-15 13:08:44.497,2,1633,917,2,918,1628,2
517,0001,2021-01-15 13:08:45.497,2,1633,917,2,918,1628,2
518,0001,2021-01-15 13:08:46.513,2,1633,917,2,918,1628,2
519,0001,2021-01-15 13:08:47.528,2,1633,917,2,918,1628,2
520,0001,2021-01-15 13:08:48.544,2,1633,917,2,918,1628,2
521,0001,2021-01-15 13:08:49.559,2,1633,917,2,918,1628,2
522,0001,2021-01-15 13:08:50.574,2,1633,917,2,918,1628,2
523,0001,2021-01-15 13:08:51.59,2,1633,917,2,918,1628,2
524,0001,2021-01-15 13:08:52.605,2,1633,918,1,919,1628,1
525,0001,2021-01-15 13:08:53.621,2,1633,918,1,919,1628,1
526,0001,2021-01-15 13:08:54.636,2,1633,918,1,919,1628,1
527,0001,2021-01-15 13:08:55.651,2,1633,918,1,919,1628,1
528,0001,2021-01-15 13:08:56.667,2,1633,918,1,919,1628,1
529,0001,2021-01-15 13:08:57.682,2,1633,918,1,919,1628,1
530,0001,2021-01-15 13:08:58.697,2,1633,918,1,919,1628,1
531,0001,2021-01-15 13:08:59.713,2,1633,918,1,919,1628,1
532,0001,2021-01-15 13:09:00.718,2,1633,918,1,919,1628,1
533,0001,2021-01-15 13:09:01.734,2,1634,918,0,919,1629,0
534,0001,2021-01-15 13:09:02.749,2,1634,918,1,919,1629,1
535,0001,2021-01-15 13:09:03.764,2,1634,918,1,919,1629,1
536,0001,2021-01-15 13:09:04.78,2,1634,918,1,919,1629,1
537,0001,2021-01-15 13:09:05.795,2,1634,918,1,919,1629,1
538,0001,2021-01-15 13:09:06.811,2,1634,918,1,919,1629,1
539,0001,2021-01-15 13:09:07.826,2,1634,918,1,919,1629,1
540,0001,2021-01-15 13:09:08.841,2,1634,918,1,919,1629,1
541,0001,2021-01-15 13:09:09.857,2,1634,918,1,919,1629,1
542,0001,2021-01-15 13:09:10.872,2,1634,918,1,919,1629,1
543,0001,2021-01-15 13:09:11.887,2,1634,918,1,919,1629,1
544,0001,2021-01-15 13:09:12.903,2,1634,918,1,919,1629,1
545,0001,2021-01-15 13:09:13.918,2,1635,918,0,919,1630,0
546,0001,2021-01-15 13:09:14.934,2,1635,918,0,919,1630,0
547,0001,2021-01-15 13:09:15.935,2,1635,918,0,919,1630,0
548,0001,2021-01-15 13:09:16.95,2,1635,918,0,919,1630,0
549,0001,2021-01-15 13:09:17.965,2,1635,918,0,919,1630,0
550,0001,2021-01-15 13:09:18.981,2,1635,918,0,919,1630,0
551,0001,2021-01-15 13:09:19.996,2,1635,918,0,919,1630,0
552,0001,2021-01-15 13:09:21.011,2,1635,918,0,919,1630,0
553,0001,2021-01-15 13:09:22.027,2,1635,918,0,919,1630,0
554,0001,2021-01-15 13:09:23.042,2,1635,918,0,919,1630,0
555,0001,2021-01-15 13:09:24.058,2,1635,918,0,919,1630,0
556,0001,2021-01-15 13:09:25.073,2,1635,918,0,919,1630,0
557,0001,2021-01-15 13:09:26.088,2,1635,918,0,919,1630,0
558,0001,2021-01-15 13:09:27.104,2,1635,918,0,919,1630,0
559,0001,2021-01-15 13:09:28.119,2,1635,918,0,919,1630,0
560,0001,2021-01-15 13:09:29.135,2,1635,918,1,919,1630,1
561,0001,2021-01-15 13:09:30.15,2,1635,918,2,919,1630,2
562,0001,2021-01-15 13:09:31.151,2,1635,918,2,919,1630,2
563,0001,2021-01-15 13:09:32.166,2,1635,918,4,919,1630,4
564,0001,2021-01-15 13:09:33.182,2,1635,918,4,919,1630,4
565,0001,2021-01-15 13:09:34.197,2,1635,918,4,919,1630,4
566,0001,2021-01-15 13:09:35.212,2,1635,918,4,919,1630,4
567,0001,2021-01-15 13:09:36.228,2,1635,918,4,919,1630,4
568,0001,2021-01-15 13:09:37.243,2,1635,918,5,919,1630,5
569,0001,2021-01-15 13:09:38.259,2,1635,918,5,919,1630,5
570,0001,2021-01-15 13:09:39.274,2,1636,918,4,919,1631,4
571,0001,2021-01-15 13:09:40.289,2,1636,918,4,919,1631,4
572,0001,2021-01-15 13:09:41.305,2,1636,920,2,921,1631,2
573,0001,2021-01-15 13:09:42.32,2,1636,920,2,921,1631,2
574,0001,2021-01-15 13:09:43.336,2,1636,921,1,922,1631,1
575,0001,2021-01-15 13:09:44.351,2,1636,921,2,922,1631,2
576,0001,2021-01-15 13:09:45.352,2,1636,921,2,922,1631,2
577,0001,2021-01-15 13:09:46.368,2,1636,921,2,922,1631,2
578,0001,2021-01-15 13:09:47.383,2,1636,921,2,922,1631,2
579,0001,2021-01-15 13:09:48.398,2,1636,922,1,923,1631,1
580,0001,2021-01-15 13:09:49.414,2,1636,922,1,923,1631,1
581,0001,2021-01-15 13:09:50.429,2,1636,922,1,923,1631,1
582,0001,2021-01-15 13:09:51.444,2,1636,922,1,923,1631,1
583,0001,2021-01-15 13:09:52.46,2,1636,922,1,923,1631,1
584,0001,2021-01-15 13:09:53.475,2,1636,922,1,923,1631,1
585,0001,2021-01-15 13:09:54.491,2,1636,923,0,924,1631,0
586,0001,2021-01-15 13:09:55.506,2,1636,923,0,924,1631,0
587,0001,2021-01-15 13:09:56.521,2,1636,923,0,924,1631,0
588,0001,2021-01-15 13:09:57.537,2,1636,923,1,924,1631,1
589,0001,2021-01-15 13:09:58.552,2,1636,923,1,924,1631,1
590,0001,2021-01-15 13:09:59.568,2,1636,923,1,924,1631,1
591,0001,2021-01-15 13:10:00.568,2,1636,923,3,924,1631,3
592,0001,2021-01-15 13:10:01.584,2,1636,923,3,924,1631,3
593,0001,2021-01-15 13:10:02.599,2,1636,923,4,924,1631,4
594,0001,2021-01-15 13:10:03.615,2,1636,923,4,924,1631,4
595,0001,2021-01-15 13:10:04.63,2,1636,923,4,924,1631,4
596,0001,2021-01-15 13:10:05.645,2,1636,923,4,924,1631,4
597,0001,2021-01-15 13:10:06.661,2,1636,924,3,925,1631,3
598,0001,2021-01-15 13:10:07.676,2,1636,924,3,925,1631,3
599,0001,2021-01-15 13:10:08.691,2,1636,924,3,925,1631,3
600,0001,2021-01-15 13:10:09.707,2,1636,924,4,925,1631,4
601,0001,2021-01-15 13:10:10.722,2,1636,924,4,925,1631,4
602,0001,2021-01-15 13:10:11.738,2,1637,924,3,925,1632,3
603,0001,2021-01-15 13:10:12.753,2,1637,925,2,926,1632,2
604,0001,2021-01-15 13:10:13.768,2,1637,925,3,926,1632,3
605,0001,2021-01-15 13:10:14.784,2,1637,925,2,926,1632,2
606,0001,2021-01-15 13:10:15.785,2,1637,925,2,926,1632,2
607,0001,2021-01-15 13:10:16.8,2,1637,925,2,926,1632,2
608,0001,2021-01-15 13:10:17.815,2,1637,925,2,926,1632,2
609,0001,2021-01-15 13:10:18.831,2,1637,925,2,926,1632,2
610,0001,2021-01-15 13:10:19.846,2,1637,925,2,926,1632,2
611,0001,2021-01-15 13:10:20.862,2,1637,925,2,926,1632,2
612,0001,2021-01-15 13:10:21.877,2,1637,925,2,926,1632,2
613,0001,2021-01-15 13:10:22.892,2,1638,925,1,926,1633,1
614,0001,2021-01-15 13:10:23.908,2,1638,925,1,926,1633,1
615,0001,2021-01-15 13:10:24.923,2,1638,926,0,927,1633,0
616,0001,2021-01-15 13:10:25.939,2,1638,926,1,927,1633,1
617,0001,2021-01-15 13:10:26.954,2,1638,926,2,927,1633,2
618,0001,2021-01-15 13:10:27.969,2,1638,926,2,927,1633,2
619,0001,2021-01-15 13:10:28.985,2,1638,926,2,927,1633,2
620,0001,2021-01-15 13:10:30,2,1638,926,1,927,1633,1
621,0001,2021-01-15 13:10:31.001,2,1638,926,1,927,1633,1
622,0001,2021-01-15 13:10:32.016,2,1638,926,2,927,1633,2
623,0001,2021-01-15 13:10:33.032,2,1638,926,3,927,1633,3
624,0001,2021-01-15 13:10:34.047,2,1638,926,4,927,1633,4
625,0001,2021-01-15 13:10:35.063,2,1638,926,4,927,1633,4
626,0001,2021-01-15 13:10:36.078,2,1638,927,3,928,1633,3
627,0001,2021-01-15 13:10:37.093,2,1638,927,4,928,1633,4
628,0001,2021-01-15 13:10:38.109,2,1638,927,4,928,1633,4
629,0001,2021-01-15 13:10:39.124,2,1638,927,3,928,1633,3
630,0001,2021-01-15 13:10:40.14,2,1638,927,4,928,1633,4
631,0001,2021-01-15 13:10:41.155,2,1638,927,4,928,1633,4
632,0001,2021-01-15 13:10:42.17,2,1639,927,3,928,1634,3
633,0001,2021-01-15 13:10:43.186,2,1639,927,2,928,1634,2
634,0001,2021-01-15 13:10:44.201,2,1639,928,1,929,1634,1
635,0001,2021-01-15 13:10:45.202,2,1639,928,1,929,1634,1
636,0001,2021-01-15 13:10:46.217,2,1639,928,1,929,1634,1
637,0001,2021-01-15 13:10:47.233,2,1639,928,1,929,1634,1
638,0001,2021-01-15 13:10:48.248,2,1639,928,1,929,1634,1
639,0001,2021-01-15 13:10:49.264,2,1639,928,1,929,1634,1
640,0001,2021-01-15 13:10:50.279,2,1639,928,1,929,1634,1
641,0001,2021-01-15 13:10:51.294,2,1639,928,1,929,1634,1
642,0001,2021-01-15 13:10:52.31,2,1639,928,1,929,1634,1
643,0001,2021-01-15 13:10:53.325,2,1639,928,2,929,1634,2
644,0001,2021-01-15 13:10:54.34,2,1639,928,2,929,1634,2
645,0001,2021-01-15 13:10:55.356,2,1639,928,3,929,1634,3
646,0001,2021-01-15 13:10:56.371,2,1639,928,3,929,1634,3
647,0001,2021-01-15 13:10:57.387,2,1639,928,2,929,1634,2
648,0001,2021-01-15 13:10:58.402,2,1639,928,3,929,1634,3
649,0001,2021-01-15 13:10:59.417,2,1639,928,3,929,1634,3
650,0001,2021-01-15 13:11:00.419,2,1639,928,3,929,1634,3
651,0001,2021-01-15 13:11:01.434,2,1639,928,4,929,1634,4
652,0001,2021-01-15 13:11:02.449,2,1639,928,4,929,1634,4
653,0001,2021-01-15 13:11:03.465,2,1639,928,4,929,1634,4
654,0001,2021-01-15 13:11:04.48,2,1640,928,3,929,1635,3
655,0001,2021-01-15 13:11:05.496,2,1640,928,3,929,1635,3
656,0001,2021-01-15 13:11:06.511,2,1640,929,2,930,1635,2
657,0001,2021-01-15 13:11:07.526,2,1640,929,2,930,1635,2
658,0001,2021-01-15 13:11:08.542,2,1640,930,1,931,1635,1
659,0001,2021-01-15 13:11:09.557,2,1640,930,3,931,1635,3
660,0001,2021-01-15 13:11:10.573,2,1640,930,3,931,1635,3
661,0001,2021-01-15 13:11:11.588,2,1640,930,3,931,1635,3
662,0001,2021-01-15 13:11:12.603,2,1640,930,4,931,1635,4
663,0001,2021-01-15 13:11:13.619,2,1640,930,4,931,1635,4
664,0001,2021-01-15 13:11:14.634,2,1640,930,3,931,1635,3
665,0001,2021-01-15 13:11:15.639,2,1640,930,3,931,1635,3
666,0001,2021-01-15 13:11:16.654,2,1640,930,3,931,1635,3
667,0001,2021-01-15 13:11:17.67,2,1640,930,3,931,1635,3
668,0001,2021-01-15 13:11:18.685,2,1640,930,4,931,1635,4
669,0001,2021-01-15 13:11:19.701,2,1640,930,5,931,1635,5
670,0001,2021-01-15 13:11:20.716,2,1640,930,5,931,1635,5
671,0001,2021-01-15 13:11:21.731,2,1642,930,3,931,1637,3
672,0001,2021-01-15 13:11:22.747,2,1642,930,1,931,1637,1
673,0001,2021-01-15 13:11:23.762,2,1642,930,1,931,1637,1
674,0001,2021-01-15 13:11:24.778,2,1642,930,1,931,1637,1
675,0001,2021-01-15 13:11:25.793,2,1642,930,1,931,1637,1
676,0001,2021-01-15 13:11:26.808,2,1642,930,1,931,1637,1
677,0001,2021-01-15 13:11:27.824,2,1642,930,1,931,1637,1
678,0001,2021-01-15 13:11:28.839,2,1643,930,0,931,1638,0
679,0001,2021-01-15 13:11:29.854,2,1643,930,0,931,1638,0
680,0001,2021-01-15 13:11:30.855,2,1643,930,1,931,1638,1
681,0001,2021-01-15 13:11:31.871,2,1643,930,1,931,1638,1
682,0001,2021-01-15 13:11:32.886,2,1643,930,1,931,1638,1
683,0001,2021-01-15 13:11:33.902,2,1643,930,1,931,1638,1
684,0001,2021-01-15 13:11:34.917,2,1643,930,1,931,1638,1
685,0001,2021-01-15 13:11:35.932,2,1643,930,1,931,1638,1
686,0001,2021-01-15 13:11:36.948,2,1643,930,1,931,1638,1
687,0001,2021-01-15 13:11:37.963,2,1643,930,1,931,1638,1
688,0001,2021-01-15 13:11:38.978,2,1643,930,1,931,1638,1
689,0001,2021-01-15 13:11:39.994,2,1643,930,2,931,1638,2
690,0001,2021-01-15 13:11:41.009,2,1643,930,2,931,1638,2
691,0001,2021-01-15 13:11:42.025,2,1643,930,2,931,1638,2
692,0001,2021-01-15 13:11:43.04,2,1644,930,1,931,1639,1
693,0001,2021-01-15 13:11:44.055,2,1644,930,1,931,1639,1
694,0001,2021-01-15 13:11:45.071,2,1644,930,1,931,1639,1
695,0001,2021-01-15 13:11:46.072,2,1644,930,1,931,1639,1
696,0001,2021-01-15 13:11:47.087,2,1644,930,1,931,1639,1
697,0001,2021-01-15 13:11:48.102,2,1644,930,2,931,1639,2
698,0001,2021-01-15 13:11:49.118,2,1644,930,2,931,1639,2
699,0001,2021-01-15 13:11:50.133,2,1644,930,2,931,1639,2
700,0001,2021-01-15 13:11:51.149,2,1645,930,1,931,1640,1
701,0001,2021-01-15 13:11:52.164,2,1645,930,1,931,1640,1
702,0001,2021-01-15 13:11:53.179,2,1645,930,1,931,1640,1
703,0001,2021-01-15 13:11:54.195,2,1645,930,1,931,1640,1
704,0001,2021-01-15 13:11:55.21,2,1645,930,1,931,1640,1
705,0001,2021-01-15 13:11:56.226,2,1645,930,1,931,1640,1
706,0001,2021-01-15 13:11:57.241,2,1645,930,1,931,1640,1
707,0001,2021-01-15 13:11:58.256,2,1645,930,1,931,1640,1
708,0001,2021-01-15 13:11:59.272,2,1645,931,1,932,1640,1
709,0001,2021-01-15 13:12:00.273,2,1645,931,1,932,1640,1
710,0001,2021-01-15 13:12:01.288,2,1645,931,2,932,1640,2
711,0001,2021-01-15 13:12:02.303,2,1645,931,2,932,1640,2
712,0001,2021-01-15 13:12:03.319,2,1645,931,2,932,1640,2
713,0001,2021-01-15 13:12:04.334,2,1645,931,2,932,1640,2
714,0001,2021-01-15 13:12:05.35,2,1645,931,3,932,1640,3
715,0001,2021-01-15 13:12:06.365,2,1645,931,3,932,1640,3
716,0001,2021-01-15 13:12:07.38,2,1645,931,3,932,1640,3
717,0001,2021-01-15 13:12:08.396,2,1645,932,2,933,1640,2
718,0001,2021-01-15 13:12:09.411,2,1645,932,2,933,1640,2
719,0001,2021-01-15 13:12:10.426,2,1645,932,2,933,1640,2
720,0001,2021-01-15 13:12:11.442,2,1645,932,2,933,1640,2
721,0001,2021-01-15 13:12:12.457,2,1645,933,1,934,1640,1
722,0001,2021-01-15 13:12:13.473,2,1645,933,1,934,1640,1
723,0001,2021-01-15 13:12:14.488,2,1645,933,1,934,1640,1
724,0001,2021-01-15 13:12:15.489,2,1645,933,1,934,1640,1
725,0001,2021-01-15 13:12:16.504,2,1645,933,1,934,1640,1
726,0001,2021-01-15 13:12:17.52,2,1645,933,1,934,1640,1
727,0001,2021-01-15 13:12:18.535,2,1645,933,0,934,1640,0
728,0001,2021-01-15 13:12:19.55,2,1645,933,0,934,1640,0
729,0001,2021-01-15 13:12:20.566,2,1645,933,1,934,1640,1
730,0001,2021-01-15 13:12:21.581,2,1645,933,1,934,1640,1
731,0001,2021-01-15 13:12:22.597,2,1645,933,1,934,1640,1
732,0001,2021-01-15 13:12:23.612,2,1645,933,1,934,1640,1
733,0001,2021-01-15 13:12:24.627,2,1645,933,1,934,1640,1
734,0001,2021-01-15 13:12:25.643,2,1645,933,1,934,1640,1
735,0001,2021-01-15 13:12:26.658,2,1645,933,1,934,1640,1
736,0001,2021-01-15 13:12:27.673,2,1645,933,1,934,1640,1
737,0001,2021-01-15 13:12:28.689,2,1645,933,1,934,1640,1
738,0001,2021-01-15 13:12:29.704,2,1645,933,1,934,1640,1
739,0001,2021-01-15 13:12:30.705,2,1645,933,2,934,1640,2
740,0001,2021-01-15 13:12:31.72,2,1646,933,1,934,1641,1
741,0001,2021-01-15 13:12:32.736,2,1646,933,1,934,1641,1
742,0001,2021-01-15 13:12:33.751,2,1646,933,1,934,1641,1
743,0001,2021-01-15 13:12:34.767,2,1646,933,1,934,1641,1
744,0001,2021-01-15 13:12:35.782,2,1646,933,1,934,1641,1
745,0001,2021-01-15 13:12:36.797,2,1646,933,1,934,1641,1
746,0001,2021-01-15 13:12:37.813,2,1646,933,2,934,1641,2
747,0001,2021-01-15 13:12:38.828,2,1646,933,2,934,1641,2
748,0001,2021-01-15 13:12:39.844,2,1646,933,2,934,1641,2
749,0001,2021-01-15 13:12:40.859,2,1646,934,1,935,1641,1
750,0001,2021-01-15 13:12:41.874,2,1646,934,2,935,1641,2
751,0001,2021-01-15 13:12:42.89,2,1646,934,2,935,1641,2
752,0001,2021-01-15 13:12:43.905,2,1646,934,2,935,1641,2
753,0001,2021-01-15 13:12:44.921,2,1646,934,2,935,1641,2
754,0001,2021-01-15 13:12:45.921,2,1646,934,6,935,1641,6
755,0001,2021-01-15 13:12:46.937,2,1646,934,7,935,1641,7
756,0001,2021-01-15 13:12:47.952,2,1646,934,7,935,1641,7
757,0001,2021-01-15 13:12:48.968,2,1646,935,6,936,1641,6
758,0001,2021-01-15 13:12:49.983,2,1647,935,6,936,1642,6
759,0001,2021-01-15 13:12:50.998,2,1647,935,6,936,1642,6
760,0001,2021-01-15 13:12:52.014,2,1647,935,7,936,1642,7
761,0001,2021-01-15 13:12:53.029,2,1647,935,7,936,1642,7
762,0001,2021-01-15 13:12:54.045,2,1647,935,8,936,1642,8
763,0001,2021-01-15 13:12:55.06,2,1647,936,8,937,1642,8
764,0001,2021-01-15 13:12:56.076,2,1647,936,6,937,1642,6
765,0001,2021-01-15 13:12:57.091,2,1648,936,4,937,1643,4
766,0001,2021-01-15 13:12:58.106,2,1649,936,3,937,1644,3
767,0001,2021-01-15 13:12:59.121,2,1649,937,2,938,1644,2
768,0001,2021-01-15 13:13:00.137,2,1649,937,2,938,1644,2
769,0001,2021-01-15 13:13:01.138,2,1649,937,2,938,1644,2
770,0001,2021-01-15 13:13:02.153,2,1649,938,1,939,1644,1
771,0001,2021-01-15 13:13:03.169,2,1649,938,1,939,1644,1
772,0001,2021-01-15 13:13:04.184,2,1649,939,0,940,1644,0
773,0001,2021-01-15 13:13:05.199,2,1649,939,0,940,1644,0
774,0001,2021-01-15 13:13:06.215,2,1649,939,0,940,1644,0
775,0001,2021-01-15 13:13:07.23,2,1649,939,0,940,1644,0
776,0001,2021-01-15 13:13:08.246,2,1649,939,0,940,1644,0
777,0001,2021-01-15 13:13:09.261,2,1649,939,0,940,1644,0
778,0001,2021-01-15 13:13:10.276,2,1649,939,0,940,1644,0
779,0001,2021-01-15 13:13:11.292,2,1649,939,0,940,1644,0
780,0001,2021-01-15 13:13:12.307,2,1649,939,0,940,1644,0
781,0001,2021-01-15 13:13:13.322,2,1649,939,0,940,1644,0
782,0001,2021-01-15 13:13:14.338,2,1649,939,0,940,1644,0
783,0001,2021-01-15 13:13:15.339,2,1649,939,1,940,1644,1
784,0001,2021-01-15 13:13:16.354,2,1649,939,1,940,1644,1
785,0001,2021-01-15 13:13:17.369,2,1649,939,1,940,1644,1
786,0001,2021-01-15 13:13:18.385,2,1649,939,2,940,1644,2
787,0001,2021-01-15 13:13:19.4,2,1649,939,2,940,1644,2
788,0001,2021-01-15 13:13:20.416,2,1649,939,2,940,1644,2
789,0001,2021-01-15 13:13:21.431,2,1649,939,2,940,1644,2
790,0001,2021-01-15 13:13:22.446,2,1649,939,2,940,1644,2
791,0001,2021-01-15 13:13:23.462,2,1649,939,2,940,1644,2
792,0001,2021-01-15 13:13:24.477,2,1650,939,1,940,1645,1
793,0001,2021-01-15 13:13:25.493,2,1650,939,1,940,1645,1
794,0001,2021-01-15 13:13:26.508,2,1650,939,1,940,1645,1
795,0001,2021-01-15 13:13:27.523,2,1650,939,1,940,1645,1
796,0001,2021-01-15 13:13:28.539,2,1650,939,1,940,1645,1
797,0001,2021-01-15 13:13:29.554,2,1650,940,0,941,1645,0
798,0001,2021-01-15 13:13:30.559,2,1650,940,0,941,1645,0
799,0001,2021-01-15 13:13:31.574,2,1650,940,0,941,1645,0
800,0001,2021-01-15 13:13:32.59,2,1650,940,1,941,1645,1
801,0001,2021-01-15 13:13:33.605,2,1650,940,1,941,1645,1
802,0001,2021-01-15 13:13:34.621,2,1650,940,1,941,1645,1
803,0001,2021-01-15 13:13:35.636,2,1650,940,1,941,1645,1
804,0001,2021-01-15 13:13:36.651,2,1650,940,2,941,1645,2
805,0001,2021-01-15 13:13:37.667,2,1650,940,2,941,1645,2
806,0001,2021-01-15 13:13:38.682,2,1650,940,2,941,1645,2
807,0001,2021-01-15 13:13:39.697,2,1650,940,2,941,1645,2
808,0001,2021-01-15 13:13:40.713,2,1650,940,2,941,1645,2
809,0001,2021-01-15 13:13:41.728,2,1650,940,2,941,1645,2
810,0001,2021-01-15 13:13:42.744,2,1650,940,2,941,1645,2
811,0001,2021-01-15 13:13:43.759,2,1650,941,1,942,1645,1
812,0001,2021-01-15 13:13:44.774,2,1650,941,2,942,1645,2
813,0001,2021-01-15 13:13:45.775,2,1650,941,2,942,1645,2
814,0001,2021-01-15 13:13:46.791,2,1650,942,1,943,1645,1
815,0001,2021-01-15 13:13:47.806,2,1650,942,1,943,1645,1
816,0001,2021-01-15 13:13:48.822,2,1650,942,1,943,1645,1
817,0001,2021-01-15 13:13:49.837,2,1650,942,1,943,1645,1
818,0001,2021-01-15 13:13:50.852,2,1650,942,2,943,1645,2
819,0001,2021-01-15 13:13:51.868,2,1650,942,2,943,1645,2
820,0001,2021-01-15 13:13:52.883,2,1650,942,2,943,1645,2
821,0001,2021-01-15 13:13:53.898,2,1650,942,2,943,1645,2
822,0001,2021-01-15 13:13:54.914,2,1650,942,2,943,1645,2
823,0001,2021-01-15 13:13:55.929,2,1650,942,2,943,1645,2
824,0001,2021-01-15 13:13:56.945,2,1651,943,0,944,1646,0
825,0001,2021-01-15 13:13:57.96,2,1651,943,0,944,1646,0
826,0001,2021-01-15 13:13:58.975,2,1651,943,0,944,1646,0
827,0001,2021-01-15 13:13:59.991,2,1651,943,0,944,1646,0
828,0001,2021-01-15 13:14:00.992,2,1651,943,0,944,1646,0
829,0001,2021-01-15 13:14:02.007,2,1651,943,0,944,1646,0
830,0001,2021-01-15 13:14:03.022,2,1651,943,1,944,1646,1
831,0001,2021-01-15 13:14:04.038,2,1651,943,1,944,1646,1
832,0001,2021-01-15 13:14:05.049,2,1651,943,1,944,1646,1
833,0001,2021-01-15 13:14:06.064,2,1651,943,2,944,1646,2
834,0001,2021-01-15 13:14:07.079,2,1651,943,2,944,1646,2
835,0001,2021-01-15 13:14:08.095,2,1651,943,2,944,1646,2
836,0001,2021-01-15 13:14:09.11,2,1651,943,2,944,1646,2
837,0001,2021-01-15 13:14:10.125,2,1651,943,2,944,1646,2
838,0001,2021-01-15 13:14:11.141,2,1651,943,2,944,1646,2
839,0001,2021-01-15 13:14:12.156,2,1651,943,2,944,1646,2
840,0001,2021-01-15 13:14:13.172,2,1651,943,3,944,1646,3
841,0001,2021-01-15 13:14:14.187,2,1652,943,2,944,1647,2
842,0001,2021-01-15 13:14:15.188,2,1652,943,2,944,1647,2
843,0001,2021-01-15 13:14:16.203,2,1652,943,3,944,1647,3
844,0001,2021-01-15 13:14:17.219,2,1653,943,2,944,1648,2
845,0001,2021-01-15 13:14:18.235,2,1653,943,2,944,1648,2
846,0001,2021-01-15 13:14:19.25,2,1653,943,2,944,1648,2
847,0001,2021-01-15 13:14:20.265,2,1653,943,2,944,1648,2
848,0001,2021-01-15 13:14:21.28,2,1653,943,2,944,1648,2
849,0001,2021-01-15 13:14:22.296,2,1653,943,2,944,1648,2
850,0001,2021-01-15 13:14:23.311,2,1654,943,1,944,1649,1
851,0001,2021-01-15 13:14:24.327,2,1654,943,1,944,1649,1
852,0001,2021-01-15 13:14:25.342,2,1654,943,1,944,1649,1
853,0001,2021-01-15 13:14:26.357,2,1654,943,1,944,1649,1
854,0001,2021-01-15 13:14:27.373,2,1654,943,1,944,1649,1
855,0001,2021-01-15 13:14:28.388,2,1655,943,0,944,1650,0
856,0001,2021-01-15 13:14:29.403,2,1655,943,0,944,1650,0
857,0001,2021-01-15 13:14:30.404,2,1655,943,0,944,1650,0
858,0001,2021-01-15 13:14:31.42,2,1655,943,1,944,1650,1
859,0001,2021-01-15 13:14:32.435,2,1655,943,1,944,1650,1
860,0001,2021-01-15 13:14:33.45,2,1655,943,1,944,1650,1
861,0001,2021-01-15 13:14:34.466,2,1655,943,1,944,1650,1
862,0001,2021-01-15 13:14:35.481,2,1655,943,1,944,1650,1
863,0001,2021-01-15 13:14:36.497,2,1655,943,1,944,1650,1
864,0001,2021-01-15 13:14:37.512,2,1655,943,1,944,1650,1
865,0001,2021-01-15 13:14:38.527,2,1655,943,1,944,1650,1
866,0001,2021-01-15 13:14:39.543,2,1655,943,1,944,1650,1
867,0001,2021-01-15 13:14:40.558,2,1655,943,1,944,1650,1
868,0001,2021-01-15 13:14:41.574,2,1656,943,0,944,1651,0
869,0001,2021-01-15 13:14:42.589,2,1656,943,0,944,1651,0
870,0001,2021-01-15 13:14:43.604,2,1656,943,0,944,1651,0
871,0001,2021-01-15 13:14:44.62,2,1656,943,0,944,1651,0
872,0001,2021-01-15 13:14:45.621,2,1656,943,0,944,1651,0
873,0001,2021-01-15 13:14:46.636,2,1656,943,0,944,1651,0
874,0001,2021-01-15 13:14:47.651,2,1656,943,0,944,1651,0
875,0001,2021-01-15 13:14:48.667,2,1656,943,0,944,1651,0
876,0001,2021-01-15 13:14:49.682,2,1656,943,0,944,1651,0
877,0001,2021-01-15 13:14:50.698,2,1656,943,0,944,1651,0
878,0001,2021-01-15 13:14:51.713,2,1656,943,0,944,1651,0
879,0001,2021-01-15 13:14:52.728,2,1656,943,0,944,1651,0
880,0001,2021-01-15 13:14:53.744,2,1656,943,0,944,1651,0
881,0001,2021-01-15 13:14:54.759,2,1656,943,0,944,1651,0
882,0001,2021-01-15 13:14:55.775,2,1656,943,0,944,1651,0
883,0001,2021-01-15 13:14:56.79,2,1656,943,1,944,1651,1
884,0001,2021-01-15 13:14:57.805,2,1656,943,1,944,1651,1
885,0001,2021-01-15 13:14:58.821,2,1656,943,1,944,1651,1
886,0001,2021-01-15 13:14:59.836,2,1656,943,2,944,1651,2
887,0001,2021-01-15 13:15:00.837,2,1656,943,2,944,1651,2
888,0001,2021-01-15 13:15:01.852,2,1656,943,3,944,1651,3
889,0001,2021-01-15 13:15:02.868,2,1656,943,2,944,1651,2
890,0001,2021-01-15 13:15:03.883,2,1656,943,2,944,1651,2
891,0001,2021-01-15 13:15:04.899,2,1656,943,2,944,1651,2
892,0001,2021-01-15 13:15:05.914,2,1656,943,2,944,1651,2
893,0001,2021-01-15 13:15:06.929,2,1656,944,1,945,1651,1
894,0001,2021-01-15 13:15:07.945,2,1656,944,1,945,1651,1
895,0001,2021-01-15 13:15:08.96,2,1656,944,1,945,1651,1
896,0001,2021-01-15 13:15:09.975,2,1656,944,1,945,1651,1
897,0001,2021-01-15 13:15:10.991,2,1656,944,1,945,1651,1
898,0001,2021-01-15 13:15:12.006,2,1656,944,1,945,1651,1
899,0001,2021-01-15 13:15:13.022,2,1656,944,1,945,1651,1
900,0001,2021-01-15 13:15:14.037,2,1656,944,0,945,1651,0
901,0001,2021-01-15 13:15:15.053,2,1656,944,0,945,1651,0
902,0001,2021-01-15 13:15:16.053,2,1656,944,0,945,1651,0
903,0001,2021-01-15 13:15:17.069,2,1656,944,1,945,1651,1
904,0001,2021-01-15 13:15:18.084,2,1656,944,1,945,1651,1
905,0001,2021-01-15 13:15:19.099,2,1656,944,1,945,1651,1
906,0001,2021-01-15 13:15:20.115,2,1656,944,1,945,1651,1
907,0001,2021-01-15 13:15:21.13,2,1656,944,1,945,1651,1
908,0001,2021-01-15 13:15:22.146,2,1656,944,1,945,1651,1
909,0001,2021-01-15 13:15:23.161,2,1656,944,1,945,1651,1
910,0001,2021-01-15 13:15:24.176,2,1656,944,2,945,1651,2
911,0001,2021-01-15 13:15:25.177,2,1656,944,2,945,1651,2
912,0001,2021-01-15 13:15:26.192,2,1656,944,2,945,1651,2
913,0001,2021-01-15 13:15:27.207,2,1657,944,1,945,1652,1
914,0001,2021-01-15 13:15:28.222,2,1657,944,1,945,1652,1
915,0001,2021-01-15 13:15:29.238,2,1657,944,1,945,1652,1
916,0001,2021-01-15 13:15:30.239,2,1657,944,1,945,1652,1
917,0001,2021-01-15 13:15:31.254,2,1657,944,1,945,1652,1
918,0001,2021-01-15 13:15:32.269,2,1657,944,1,945,1652,1
919,0001,2021-01-15 13:15:33.285,2,1657,944,1,945,1652,1
920,0001,2021-01-15 13:15:34.3,2,1658,944,0,945,1653,0
921,0001,2021-01-15 13:15:35.316,2,1658,944,0,945,1653,0
922,0001,2021-01-15 13:15:36.331,2,1658,944,0,945,1653,0
923,0001,2021-01-15 13:15:37.346,2,1658,944,0,945,1653,0
924,0001,2021-01-15 13:15:38.362,2,1658,944,0,945,1653,0
925,0001,2021-01-15 13:15:39.377,2,1658,944,0,945,1653,0
926,0001,2021-01-15 13:15:40.392,2,1658,944,0,945,1653,0
927,0001,2021-01-15 13:15:41.408,2,1658,944,0,945,1653,0
928,0001,2021-01-15 13:15:43.439,1,1658,944,0,945,1653,0
929,0001,2021-01-15 13:15:44.454,1,1658,944,0,945,1653,0
930,0001,2021-01-15 13:15:45.459,1,1658,944,0,945,1653,0
931,0001,2021-01-15 13:15:46.474,1,1658,944,1,945,1653,1
932,0001,2021-01-15 13:15:47.49,1,1658,944,1,945,1653,1
933,0001,2021-01-15 13:15:48.505,1,1658,944,1,945,1653,1
934,0001,2021-01-15 13:15:49.52,2,1658,944,2,945,1653,2
935,0001,2021-01-15 13:15:50.536,2,1658,944,2,945,1653,2
936,0001,2021-01-15 13:15:51.551,2,1658,944,1,945,1653,1
937,0001,2021-01-15 13:15:52.567,2,1658,944,1,945,1653,1
938,0001,2021-01-15 13:15:53.582,2,1658,944,2,945,1653,2
939,0001,2021-01-15 13:15:54.597,2,1658,944,2,945,1653,2
940,0001,2021-01-15 13:15:55.613,2,1658,944,2,945,1653,2
941,0001,2021-01-15 13:15:56.628,2,1658,945,2,946,1653,2
942,0001,2021-01-15 13:15:57.644,2,1658,945,3,946,1653,3
943,0001,2021-01-15 13:15:58.659,2,1658,945,3,946,1653,3
944,0001,2021-01-15 13:15:59.674,2,1658,945,3,946,1653,3
945,0001,2021-01-15 13:16:00.675,2,1658,945,4,946,1653,4
946,0001,2021-01-15 13:16:01.691,2,1658,945,4,946,1653,4
947,0001,2021-01-15 13:16:02.706,2,1659,945,3,946,1654,3
948,0001,2021-01-15 13:16:03.721,2,1659,945,3,946,1654,3
949,0001,2021-01-15 13:16:04.737,2,1659,945,3,946,1654,3
950,0001,2021-01-15 13:16:05.752,2,1659,945,2,946,1654,2
951,0001,2021-01-15 13:16:06.768,2,1659,945,3,946,1654,3
952,0001,2021-01-15 13:16:07.783,2,1659,946,2,947,1654,2
953,0001,2021-01-15 13:16:08.798,2,1659,946,2,947,1654,2
954,0001,2021-01-15 13:16:09.814,2,1660,946,2,947,1655,2
955,0001,2021-01-15 13:16:10.829,2,1660,946,2,947,1655,2
956,0001,2021-01-15 13:16:11.845,2,1660,946,2,947,1655,2
957,0001,2021-01-15 13:16:12.86,2,1660,946,2,947,1655,2
958,0001,2021-01-15 13:16:13.875,2,1660,946,2,947,1655,2
959,0001,2021-01-15 13:16:14.891,2,1660,946,2,947,1655,2
960,0001,2021-01-15 13:16:15.892,2,1660,946,2,947,1655,2
961,0001,2021-01-15 13:16:16.907,2,1661,946,1,947,1656,1
962,0001,2021-01-15 13:16:17.923,2,1661,946,1,947,1656,1
963,0001,2021-01-15 13:16:18.938,2,1661,946,1,947,1656,1
964,0001,2021-01-15 13:16:19.953,2,1661,946,1,947,1656,1
965,0001,2021-01-15 13:16:20.969,2,1661,946,1,947,1656,1
966,0001,2021-01-15 13:16:21.984,2,1661,946,1,947,1656,1
967,0001,2021-01-15 13:16:23,2,1661,947,0,948,1656,0
968,0001,2021-01-15 13:16:24.015,2,1661,947,0,948,1656,0
969,0001,2021-01-15 13:16:25.03,2,1661,947,0,948,1656,0
970,0001,2021-01-15 13:16:26.046,2,1661,947,0,948,1656,0
971,0001,2021-01-15 13:16:27.061,2,1661,947,0,948,1656,0
972,0001,2021-01-15 13:16:28.077,2,1661,947,0,948,1656,0
973,0001,2021-01-15 13:16:29.092,2,1661,947,1,948,1656,1
974,0001,2021-01-15 13:16:30.107,2,1661,947,1,948,1656,1
975,0001,2021-01-15 13:16:31.108,2,1661,947,1,948,1656,1
976,0001,2021-01-15 13:16:32.124,2,1661,947,2,948,1656,2
977,0001,2021-01-15 13:16:33.139,2,1661,947,2,948,1656,2
978,0001,2021-01-15 13:16:34.154,2,1661,947,2,948,1656,2
979,0001,2021-01-15 13:16:35.17,2,1661,947,2,948,1656,2
980,0001,2021-01-15 13:16:36.185,2,1661,947,2,948,1656,2
981,0001,2021-01-15 13:16:37.201,2,1661,947,2,948,1656,2
982,0001,2021-01-15 13:16:38.216,2,1661,947,2,948,1656,2
983,0001,2021-01-15 13:16:39.231,2,1661,947,2,948,1656,2
984,0001,2021-01-15 13:16:40.247,2,1661,948,1,949,1656,1
985,0001,2021-01-15 13:16:41.262,2,1661,948,1,949,1656,1
986,0001,2021-01-15 13:16:42.277,2,1661,949,0,950,1656,0
987,0001,2021-01-15 13:16:43.293,2,1661,949,1,950,1656,1
988,0001,2021-01-15 13:16:44.308,2,1661,949,1,950,1656,1
989,0001,2021-01-15 13:16:45.309,2,1661,949,1,950,1656,1
990,0001,2021-01-15 13:16:46.324,2,1661,949,1,950,1656,1
991,0001,2021-01-15 13:16:47.34,2,1661,949,1,950,1656,1
992,0001,2021-01-15 13:16:48.355,2,1661,949,1,950,1656,1
993,0001,2021-01-15 13:16:49.371,2,1661,949,1,950,1656,1
994,0001,2021-01-15 13:16:50.386,2,1661,949,1,950,1656,1
995,0001,2021-01-15 13:16:51.401,2,1661,949,1,950,1656,1
996,0001,2021-01-15 13:16:52.417,2,1661,949,1,950,1656,1
997,0001,2021-01-15 13:16:53.432,2,1661,950,0,951,1656,0
998,0001,2021-01-15 13:16:54.448,2,1661,950,0,951,1656,0
999,0001,2021-01-15 13:16:55.463,2,1661,950,0,951,1656,0
1000,0001,2021-01-15 13:16:56.478,2,1661,950,0,951,1656,0
1001,0001,2021-01-15 13:16:57.494,2,1661,950,0,951,1656,0
1002,0001,2021-01-15 13:16:58.509,2,1661,950,0,951,1656,0
1003,0001,2021-01-15 13:16:59.525,2,1661,950,0,951,1656,0
1004,0001,2021-01-15 13:17:00.525,2,1661,950,0,951,1656,0
1005,0001,2021-01-15 13:17:01.541,2,1661,950,0,951,1656,0
1006,0001,2021-01-15 13:17:02.556,2,1661,950,0,951,1656,0
1007,0001,2021-01-15 13:17:03.572,2,1661,950,0,951,1656,0
1008,0001,2021-01-15 13:17:04.587,2,1661,950,0,951,1656,0
1009,0001,2021-01-15 13:17:05.602,2,1661,950,1,951,1656,1
1010,0001,2021-01-15 13:17:06.618,2,1661,950,2,951,1656,2
1011,0001,2021-01-15 13:17:07.633,2,1661,950,2,951,1656,2
1012,0001,2021-01-15 13:17:08.649,2,1661,950,2,951,1656,2
1013,0001,2021-01-15 13:17:09.664,2,1661,950,2,951,1656,2
1014,0001,2021-01-15 13:17:10.679,2,1661,950,2,951,1656,2
1015,0001,2021-01-15 13:17:11.695,2,1661,950,2,951,1656,2
1016,0001,2021-01-15 13:17:12.71,2,1661,950,2,951,1656,2
1017,0001,2021-01-15 13:17:13.725,2,1661,950,2,951,1656,2
1018,0001,2021-01-15 13:17:14.741,2,1661,950,2,951,1656,2
1019,0001,2021-01-15 13:17:15.742,2,1661,950,4,951,1656,4
1020,0001,2021-01-15 13:17:16.758,2,1661,952,2,953,1656,2
1021,0001,2021-01-15 13:17:17.758,2,1661,952,2,953,1656,2
1022,0001,2021-01-15 13:17:18.773,2,1661,952,2,953,1656,2
1023,0001,2021-01-15 13:17:19.774,2,1661,952,2,953,1656,2
1024,0001,2021-01-15 13:17:20.775,2,1661,952,3,953,1656,3
1025,0001,2021-01-15 13:17:21.776,2,1661,952,4,953,1656,4
1026,0001,2021-01-15 13:17:22.792,2,1661,952,4,953,1656,4
1027,0001,2021-01-15 13:17:23.807,2,1661,952,4,953,1656,4
1028,0001,2021-01-15 13:17:24.822,2,1661,952,4,953,1656,4
1029,0001,2021-01-15 13:17:25.823,2,1662,952,3,953,1657,3
1030,0001,2021-01-15 13:17:26.839,2,1662,952,3,953,1657,3
1031,0001,2021-01-15 13:17:27.854,2,1662,953,3,954,1657,3
1032,0001,2021-01-15 13:17:28.869,2,1662,953,4,954,1657,4
1033,0001,2021-01-15 13:17:29.885,2,1662,953,4,954,1657,4
1034,0001,2021-01-15 13:17:30.886,2,1662,953,5,954,1657,5
1035,0001,2021-01-15 13:17:31.901,2,1663,953,3,954,1658,3
1036,0001,2021-01-15 13:17:32.916,2,1664,953,2,954,1659,2
1037,0001,2021-01-15 13:17:33.932,2,1664,953,2,954,1659,2
1038,0001,2021-01-15 13:17:34.947,2,1664,953,3,954,1659,3
1039,0001,2021-01-15 13:17:35.962,2,1664,953,4,954,1659,4
1040,0001,2021-01-15 13:17:36.978,2,1664,953,4,954,1659,4
1041,0001,2021-01-15 13:17:37.993,2,1664,953,4,954,1659,4
1042,0001,2021-01-15 13:17:39.009,2,1664,954,3,955,1659,3
1043,0001,2021-01-15 13:17:40.024,2,1664,954,4,955,1659,4
1044,0001,2021-01-15 13:17:41.039,2,1664,955,3,956,1659,3
1045,0001,2021-01-15 13:17:42.055,2,1664,955,3,956,1659,3
1046,0001,2021-01-15 13:17:43.07,2,1665,955,2,956,1660,2
1047,0001,2021-01-15 13:17:44.086,2,1665,955,2,956,1660,2
1048,0001,2021-01-15 13:17:45.101,2,1665,955,2,956,1660,2
1049,0001,2021-01-15 13:17:46.107,2,1665,955,2,956,1660,2
1050,0001,2021-01-15 13:17:47.122,2,1665,955,3,956,1660,3
1051,0001,2021-01-15 13:17:48.137,2,1665,955,3,956,1660,3
1052,0001,2021-01-15 13:17:49.153,2,1665,956,2,957,1660,2
1053,0001,2021-01-15 13:17:50.168,2,1666,956,2,957,1661,2
1054,0001,2021-01-15 13:17:51.183,2,1666,956,2,957,1661,2
1055,0001,2021-01-15 13:17:52.199,2,1666,956,3,957,1661,3
1056,0001,2021-01-15 13:17:53.214,2,1666,956,3,957,1661,3
1057,0001,2021-01-15 13:17:54.23,2,1666,956,3,957,1661,3
1058,0001,2021-01-15 13:17:55.245,2,1666,956,3,957,1661,3
1059,0001,2021-01-15 13:17:56.26,2,1666,956,3,957,1661,3
1060,0001,2021-01-15 13:17:57.276,2,1666,956,3,957,1661,3
1061,0001,2021-01-15 13:17:58.291,2,1667,956,3,957,1662,3
1062,0001,2021-01-15 13:17:59.307,2,1667,956,3,957,1662,3
1063,0001,2021-01-15 13:18:00.307,2,1667,956,4,957,1662,4
1064,0001,2021-01-15 13:18:01.323,2,1667,956,4,957,1662,4
1065,0001,2021-01-15 13:18:02.338,2,1667,956,4,957,1662,4
1066,0001,2021-01-15 13:18:03.354,2,1667,956,5,957,1662,5
1067,0001,2021-01-15 13:18:04.369,2,1667,956,4,957,1662,4
1068,0001,2021-01-15 13:18:05.384,2,1667,956,3,957,1662,3
1069,0001,2021-01-15 13:18:06.4,2,1667,956,3,957,1662,3
1070,0001,2021-01-15 13:18:07.415,2,1667,956,3,957,1662,3
1071,0001,2021-01-15 13:18:08.431,2,1667,956,3,957,1662,3
1072,0001,2021-01-15 13:18:09.446,2,1667,956,3,957,1662,3
1073,0001,2021-01-15 13:18:10.461,2,1668,957,1,958,1663,1
1074,0001,2021-01-15 13:18:11.477,2,1668,957,1,958,1663,1
1075,0001,2021-01-15 13:18:12.492,2,1668,957,1,958,1663,1
1076,0001,2021-01-15 13:18:13.507,2,1668,957,1,958,1663,1
1077,0001,2021-01-15 13:18:14.523,2,1668,957,2,958,1663,2
1078,0001,2021-01-15 13:18:15.524,2,1668,958,1,959,1663,1
1079,0001,2021-01-15 13:18:16.539,2,1668,958,1,959,1663,1
1080,0001,2021-01-15 13:18:17.555,2,1668,958,1,959,1663,1
1081,0001,2021-01-15 13:18:18.57,2,1668,958,1,959,1663,1
1082,0001,2021-01-15 13:18:19.585,2,1668,958,1,959,1663,1
1083,0001,2021-01-15 13:18:20.601,2,1668,958,1,959,1663,1
1084,0001,2021-01-15 13:18:21.616,2,1668,958,2,959,1663,2
1085,0001,2021-01-15 13:18:22.631,2,1668,958,2,959,1663,2
1086,0001,2021-01-15 13:18:23.647,2,1669,958,1,959,1664,1
1087,0001,2021-01-15 13:18:24.662,2,1669,958,1,959,1664,1
1088,0001,2021-01-15 13:18:25.678,2,1669,958,1,959,1664,1
1089,0001,2021-01-15 13:18:26.693,2,1669,958,1,959,1664,1
1090,0001,2021-01-15 13:18:27.708,2,1669,958,1,959,1664,1
1091,0001,2021-01-15 13:18:28.724,2,1669,958,1,959,1664,1
1092,0001,2021-01-15 13:18:29.739,2,1669,958,1,959,1664,1
1093,0001,2021-01-15 13:18:30.74,2,1669,958,1,959,1664,1
1094,0001,2021-01-15 13:18:31.756,2,1669,958,1,959,1664,1
1095,0001,2021-01-15 13:18:32.771,2,1669,958,2,959,1664,2
1096,0001,2021-01-15 13:18:33.786,2,1669,958,1,959,1664,1
1097,0001,2021-01-15 13:18:34.802,2,1669,958,1,959,1664,1
1098,0001,2021-01-15 13:18:35.817,2,1669,958,1,959,1664,1
1099,0001,2021-01-15 13:18:36.832,2,1669,958,1,959,1664,1
1100,0001,2021-01-15 13:18:37.848,2,1669,958,1,959,1664,1
1101,0001,2021-01-15 13:18:38.863,2,1669,958,1,959,1664,1
1102,0001,2021-01-15 13:18:39.879,2,1669,958,1,959,1664,1
1103,0001,2021-01-15 13:18:40.894,2,1669,958,1,959,1664,1
1104,0001,2021-01-15 13:18:41.909,2,1669,958,1,959,1664,1
1105,0001,2021-01-15 13:18:42.925,2,1669,958,1,959,1664,1
1106,0001,2021-01-15 13:18:43.94,2,1670,958,0,959,1665,0
1107,0001,2021-01-15 13:18:44.956,2,1670,958,0,959,1665,0
1108,0001,2021-01-15 13:18:45.957,2,1670,958,0,959,1665,0
1109,0001,2021-01-15 13:18:46.972,2,1670,958,0,959,1665,0
1110,0001,2021-01-15 13:18:47.972,2,1670,958,0,959,1665,0
1111,0001,2021-01-15 13:18:48.987,2,1670,958,0,959,1665,0
1112,0001,2021-01-15 13:18:50.003,2,1670,958,1,959,1665,1
1113,0001,2021-01-15 13:18:51.018,2,1670,958,1,959,1665,1
1114,0001,2021-01-15 13:18:52.033,2,1670,958,1,959,1665,1
1115,0001,2021-01-15 13:18:53.049,2,1670,958,1,959,1665,1
1116,0001,2021-01-15 13:18:54.064,2,1670,958,2,959,1665,2
1117,0001,2021-01-15 13:18:55.08,2,1670,958,2,959,1665,2
1118,0001,2021-01-15 13:18:56.095,2,1670,958,3,959,1665,3
1119,0001,2021-01-15 13:18:57.11,2,1670,958,3,959,1665,3
1120,0001,2021-01-15 13:18:58.126,2,1670,958,3,959,1665,3
1121,0001,2021-01-15 13:18:59.141,2,1670,958,3,959,1665,3
1122,0001,2021-01-15 13:19:00.157,2,1670,959,3,960,1665,3
1123,0001,2021-01-15 13:19:01.157,2,1670,959,3,960,1665,3
1124,0001,2021-01-15 13:19:02.173,2,1670,959,3,960,1665,3
1125,0001,2021-01-15 13:19:03.188,2,1670,960,2,961,1665,2
1126,0001,2021-01-15 13:19:04.204,2,1670,960,2,961,1665,2
1127,0001,2021-01-15 13:19:05.219,2,1670,961,1,962,1665,1
1128,0001,2021-01-15 13:19:06.234,2,1670,961,1,962,1665,1
1129,0001,2021-01-15 13:19:07.25,2,1670,961,1,962,1665,1
1130,0001,2021-01-15 13:19:08.265,2,1670,961,1,962,1665,1
1131,0001,2021-01-15 13:19:09.281,2,1670,962,0,963,1665,0
1132,0001,2021-01-15 13:19:10.296,2,1670,962,0,963,1665,0
1133,0001,2021-01-15 13:19:11.311,2,1670,962,1,963,1665,1
1134,0001,2021-01-15 13:19:12.327,2,1670,962,3,963,1665,3
1135,0001,2021-01-15 13:19:13.342,2,1670,962,4,963,1665,4
1136,0001,2021-01-15 13:19:14.358,2,1670,962,4,963,1665,4
1137,0001,2021-01-15 13:19:15.358,2,1670,962,5,963,1665,5
1138,0001,2021-01-15 13:19:16.374,2,1670,962,5,963,1665,5
1139,0001,2021-01-15 13:19:17.389,2,1670,962,4,963,1665,4
1140,0001,2021-01-15 13:19:18.405,2,1670,962,4,963,1665,4
1141,0001,2021-01-15 13:19:19.42,2,1670,962,4,963,1665,4
1142,0001,2021-01-15 13:19:20.435,2,1670,962,4,963,1665,4
1143,0001,2021-01-15 13:19:21.451,2,1671,962,3,963,1666,3
1144,0001,2021-01-15 13:19:22.466,2,1671,962,3,963,1666,3
1145,0001,2021-01-15 13:19:23.482,2,1671,962,3,963,1666,3
1146,0001,2021-01-15 13:19:24.497,2,1671,962,1,963,1666,1
1147,0001,2021-01-15 13:19:25.512,2,1671,962,2,963,1666,2
1148,0001,2021-01-15 13:19:26.528,2,1671,962,2,963,1666,2
1149,0001,2021-01-15 13:19:27.543,2,1671,962,3,963,1666,3
1150,0001,2021-01-15 13:19:28.558,2,1672,962,2,963,1667,2
1151,0001,2021-01-15 13:19:29.574,2,1672,962,2,963,1667,2
1152,0001,2021-01-15 13:19:30.575,2,1672,962,2,963,1667,2
1153,0001,2021-01-15 13:19:31.59,2,1672,962,2,963,1667,2
1154,0001,2021-01-15 13:19:32.605,2,1672,962,2,963,1667,2
1155,0001,2021-01-15 13:19:33.621,2,1672,962,2,963,1667,2
1156,0001,2021-01-15 13:19:34.636,2,1673,962,1,963,1668,1
1157,0001,2021-01-15 13:19:35.652,2,1674,962,0,963,1669,0
1158,0001,2021-01-15 13:19:36.667,2,1674,962,0,963,1669,0
1159,0001,2021-01-15 13:19:37.682,2,1674,962,0,963,1669,0
1160,0001,2021-01-15 13:19:38.698,2,1674,962,0,963,1669,0
1161,0001,2021-01-15 13:19:39.713,2,1674,962,0,963,1669,0
1162,0001,2021-01-15 13:19:40.729,2,1674,962,0,963,1669,0
1163,0001,2021-01-15 13:19:41.744,2,1674,962,1,963,1669,1
1164,0001,2021-01-15 13:19:42.759,2,1674,962,1,963,1669,1
1165,0001,2021-01-15 13:19:43.775,2,1674,962,2,963,1669,2
1166,0001,2021-01-15 13:19:44.79,2,1674,962,2,963,1669,2
1167,0001,2021-01-15 13:19:45.791,2,1674,962,2,963,1669,2
1168,0001,2021-01-15 13:19:46.806,2,1674,962,2,963,1669,2
1169,0001,2021-01-15 13:19:47.822,2,1674,962,2,963,1669,2
1170,0001,2021-01-15 13:19:48.837,2,1674,962,2,963,1669,2
1171,0001,2021-01-15 13:19:49.853,2,1674,962,2,963,1669,2
1172,0001,2021-01-15 13:19:50.868,2,1674,962,2,963,1669,2
1173,0001,2021-01-15 13:19:51.883,2,1674,962,2,963,1669,2
1174,0001,2021-01-15 13:19:52.899,2,1674,962,2,963,1669,2
1175,0001,2021-01-15 13:19:53.914,2,1674,962,2,963,1669,2
1176,0001,2021-01-15 13:19:54.929,2,1674,963,0,964,1669,0
1177,0001,2021-01-15 13:19:55.945,2,1674,963,0,964,1669,0
1178,0001,2021-01-15 13:19:56.961,2,1674,963,0,964,1669,0
1179,0001,2021-01-15 13:19:57.976,2,1674,963,0,964,1669,0
1180,0001,2021-01-15 13:19:58.991,2,1674,963,0,964,1669,0
1181,0001,2021-01-15 13:20:00.006,2,1674,963,1,964,1669,1
1182,0001,2021-01-15 13:20:01.012,2,1674,963,2,964,1669,2
1183,0001,2021-01-15 13:20:02.028,2,1674,963,2,964,1669,2
1184,0001,2021-01-15 13:20:03.043,2,1674,963,2,964,1669,2
1185,0001,2021-01-15 13:20:04.058,2,1674,963,2,964,1669,2
1186,0001,2021-01-15 13:20:05.074,2,1674,963,2,964,1669,2
1187,0001,2021-01-15 13:20:06.089,2,1674,963,3,964,1669,3
1188,0001,2021-01-15 13:20:07.105,2,1674,963,3,964,1669,3
1189,0001,2021-01-15 13:20:08.12,2,1674,963,3,964,1669,3
1190,0001,2021-01-15 13:20:09.135,2,1674,963,3,964,1669,3
1191,0001,2021-01-15 13:20:10.151,2,1675,963,2,964,1670,2
1192,0001,2021-01-15 13:20:11.166,2,1675,964,1,965,1670,1
1193,0001,2021-01-15 13:20:12.182,2,1675,964,1,965,1670,1
1194,0001,2021-01-15 13:20:13.197,2,1675,964,1,965,1670,1
1195,0001,2021-01-15 13:20:14.212,2,1675,965,0,966,1670,0
1196,0001,2021-01-15 13:20:15.213,2,1675,965,0,966,1670,0
1197,0001,2021-01-15 13:20:16.229,2,1675,965,1,966,1670,1
1198,0001,2021-01-15 13:20:17.244,2,1675,965,2,966,1670,2
1199,0001,2021-01-15 13:20:18.259,2,1675,965,2,966,1670,2
1200,0001,2021-01-15 13:20:19.275,2,1675,965,2,966,1670,2
1201,0001,2021-01-15 13:20:20.29,2,1675,965,3,966,1670,3
1202,0001,2021-01-15 13:20:21.306,2,1675,965,3,966,1670,3
1203,0001,2021-01-15 13:20:22.321,2,1675,965,3,966,1670,3
1204,0001,2021-01-15 13:20:23.336,2,1675,965,3,966,1670,3
1205,0001,2021-01-15 13:20:24.352,2,1675,965,3,966,1670,3
1206,0001,2021-01-15 13:20:25.367,2,1676,965,2,966,1671,2
1207,0001,2021-01-15 13:20:26.382,2,1676,965,2,966,1671,2
1208,0001,2021-01-15 13:20:27.398,2,1677,965,1,966,1672,1
1209,0001,2021-01-15 13:20:28.413,2,1677,965,2,966,1672,2
1210,0001,2021-01-15 13:20:29.429,2,1678,965,1,966,1673,1
1211,0001,2021-01-15 13:20:30.43,2,1678,965,1,966,1673,1
1212,0001,2021-01-15 13:20:31.445,2,1678,965,1,966,1673,1
1213,0001,2021-01-15 13:20:32.46,2,1678,965,1,966,1673,1
1214,0001,2021-01-15 13:20:33.476,2,1678,965,2,966,1673,2
1215,0001,2021-01-15 13:20:34.491,2,1678,965,2,966,1673,2
1216,0001,2021-01-15 13:20:35.507,2,1678,965,2,966,1673,2
1217,0001,2021-01-15 13:20:36.522,2,1679,965,1,966,1674,1
1218,0001,2021-01-15 13:20:37.537,2,1679,965,3,966,1674,3
1219,0001,2021-01-15 13:20:38.553,2,1679,965,4,966,1674,4
1220,0001,2021-01-15 13:20:39.568,2,1679,965,6,966,1674,6
1221,0001,2021-01-15 13:20:40.583,2,1679,965,6,966,1674,6
1222,0001,2021-01-15 13:20:41.599,2,1679,965,5,966,1674,5
1223,0001,2021-01-15 13:20:42.614,2,1679,965,5,966,1674,5
1224,0001,2021-01-15 13:20:43.63,2,1679,965,7,966,1674,7
1225,0001,2021-01-15 13:20:44.645,2,1679,965,7,966,1674,7
1226,0001,2021-01-15 13:20:45.646,2,1679,965,9,966,1674,9
1227,0001,2021-01-15 13:20:46.661,2,1679,965,10,966,1674,10
1228,0001,2021-01-15 13:20:47.677,2,1679,965,10,966,1674,10
1229,0001,2021-01-15 13:20:48.692,2,1679,968,7,969,1674,7
1230,0001,2021-01-15 13:20:49.707,2,1679,969,5,970,1674,5
1231,0001,2021-01-15 13:20:50.723,2,1679,969,5,970,1674,5
1232,0001,2021-01-15 13:20:51.738,2,1680,969,3,970,1675,3
1233,0001,2021-01-15 13:20:52.754,2,1680,969,3,970,1675,3
1234,0001,2021-01-15 13:20:53.769,2,1680,970,2,971,1675,2
1235,0001,2021-01-15 13:20:54.784,2,1681,970,3,971,1676,3
1236,0001,2021-01-15 13:20:55.8,2,1682,970,2,971,1677,2
1237,0001,2021-01-15 13:20:56.815,2,1682,970,2,971,1677,2
1238,0001,2021-01-15 13:20:57.83,2,1682,970,1,971,1677,1
1239,0001,2021-01-15 13:20:58.846,2,1682,970,1,971,1677,1
1240,0001,2021-01-15 13:20:59.861,2,1682,970,1,971,1677,1
1241,0001,2021-01-15 13:21:00.862,2,1682,970,1,971,1677,1
1242,0001,2021-01-15 13:21:01.878,2,1682,970,1,971,1677,1
1243,0001,2021-01-15 13:21:02.893,2,1682,970,1,971,1677,1
1244,0001,2021-01-15 13:21:03.908,2,1682,970,1,971,1677,1
1245,0001,2021-01-15 13:21:04.924,2,1682,970,1,971,1677,1
1246,0001,2021-01-15 13:21:05.939,2,1682,970,2,971,1677,2
1247,0001,2021-01-15 13:21:06.954,2,1682,970,2,971,1677,2
1248,0001,2021-01-15 13:21:07.97,2,1682,970,2,971,1677,2
1249,0001,2021-01-15 13:21:08.985,2,1682,971,1,972,1677,1
1250,0001,2021-01-15 13:21:10.001,2,1682,971,1,972,1677,1
1251,0001,2021-01-15 13:21:11.016,2,1682,971,1,972,1677,1
1252,0001,2021-01-15 13:21:12.031,2,1682,971,1,972,1677,1
1253,0001,2021-01-15 13:21:13.047,2,1682,971,2,972,1677,2
1254,0001,2021-01-15 13:21:14.062,2,1682,971,3,972,1677,3
1255,0001,2021-01-15 13:21:15.078,2,1683,971,2,972,1678,2
1256,0001,2021-01-15 13:21:16.078,2,1683,971,2,972,1678,2
1257,0001,2021-01-15 13:21:17.094,2,1683,971,2,972,1678,2
1258,0001,2021-01-15 13:21:18.109,2,1683,971,2,972,1678,2
1259,0001,2021-01-15 13:21:19.125,2,1683,971,3,972,1678,3
1260,0001,2021-01-15 13:21:20.14,2,1683,971,4,972,1678,4
1261,0001,2021-01-15 13:21:21.155,2,1683,971,6,972,1678,6
1262,0001,2021-01-15 13:21:22.171,2,1683,972,4,973,1678,4
1263,0001,2021-01-15 13:21:23.186,2,1683,973,4,974,1678,4
1264,0001,2021-01-15 13:21:24.202,2,1683,973,4,974,1678,4
1265,0001,2021-01-15 13:21:25.217,2,1683,973,5,974,1678,5
1266,0001,2021-01-15 13:21:26.232,2,1683,973,5,974,1678,5
1267,0001,2021-01-15 13:21:27.248,2,1683,973,5,974,1678,5
1268,0001,2021-01-15 13:21:28.263,2,1683,973,7,974,1678,7
1269,0001,2021-01-15 13:21:29.278,2,1683,974,5,975,1678,5
1270,0001,2021-01-15 13:21:30.279,2,1684,974,4,975,1679,4
1271,0001,2021-01-15 13:21:32.31,1,1684,975,5,976,1679,5
1272,0001,2021-01-15 13:21:33.326,1,1684,975,4,976,1679,4
1273,0001,2021-01-15 13:21:34.341,1,1684,975,4,976,1679,4
1274,0001,2021-01-15 13:21:35.356,1,1684,975,2,976,1679,2
1275,0001,2021-01-15 13:21:36.372,1,1684,975,2,976,1679,2
1276,0001,2021-01-15 13:21:37.387,1,1684,975,2,976,1679,2
1277,0001,2021-01-15 13:21:38.403,2,1684,975,3,976,1679,3
1278,0001,2021-01-15 13:21:39.418,2,1684,975,2,976,1679,2
1279,0001,2021-01-15 13:21:40.433,2,1684,975,1,976,1679,1
1280,0001,2021-01-15 13:21:41.449,2,1684,976,0,977,1679,0
1281,0001,2021-01-15 13:21:42.464,2,1684,976,0,977,1679,0
1282,0001,2021-01-15 13:21:43.479,2,1684,976,0,977,1679,0
1283,0001,2021-01-15 13:21:44.495,2,1684,976,0,977,1679,0
1284,0001,2021-01-15 13:21:45.496,2,1684,976,0,977,1679,0
1285,0001,2021-01-15 13:21:46.511,2,1684,976,0,977,1679,0
1286,0001,2021-01-15 13:21:47.527,2,1684,976,0,977,1679,0
1287,0001,2021-01-15 13:21:48.542,2,1684,976,0,977,1679,0
1288,0001,2021-01-15 13:21:49.557,2,1684,976,0,977,1679,0
1289,0001,2021-01-15 13:21:50.573,2,1684,976,0,977,1679,0
1290,0001,2021-01-15 13:21:51.588,2,1684,976,0,977,1679,0
1291,0001,2021-01-15 13:21:52.603,2,1684,976,0,977,1679,0
1292,0001,2021-01-15 13:21:53.619,2,1684,976,0,977,1679,0
1293,0001,2021-01-15 13:21:54.634,2,1684,976,0,977,1679,0
1294,0001,2021-01-15 13:21:55.65,2,1684,976,0,977,1679,0
1295,0001,2021-01-15 13:21:56.665,2,1684,976,0,977,1679,0
1296,0001,2021-01-15 13:21:57.68,2,1684,976,1,977,1679,1
1297,0001,2021-01-15 13:21:58.696,2,1684,976,1,977,1679,1
1298,0001,2021-01-15 13:21:59.711,2,1684,976,2,977,1679,2
1299,0001,2021-01-15 13:22:00.712,2,1684,976,2,977,1679,2
1300,0001,2021-01-15 13:22:01.727,2,1684,976,2,977,1679,2
1301,0001,2021-01-15 13:22:02.743,2,1684,976,3,977,1679,3
1302,0001,2021-01-15 13:22:03.758,2,1684,976,4,977,1679,4
1303,0001,2021-01-15 13:22:04.774,2,1684,976,4,977,1679,4
1304,0001,2021-01-15 13:22:05.789,2,1684,976,3,977,1679,3
1305,0001,2021-01-15 13:22:06.804,2,1684,976,3,977,1679,3
1306,0001,2021-01-15 13:22:07.82,2,1684,977,2,978,1679,2
1307,0001,2021-01-15 13:22:08.835,2,1684,977,2,978,1679,2
1308,0001,2021-01-15 13:22:09.851,2,1684,978,1,979,1679,1
1309,0001,2021-01-15 13:22:10.866,2,1684,978,1,979,1679,1
1310,0001,2021-01-15 13:22:11.881,2,1684,978,1,979,1679,1
1311,0001,2021-01-15 13:22:12.897,2,1684,978,1,979,1679,1
1312,0001,2021-01-15 13:22:13.912,2,1684,978,1,979,1679,1
1313,0001,2021-01-15 13:22:14.927,2,1684,978,1,979,1679,1
1314,0001,2021-01-15 13:22:15.932,2,1685,978,0,979,1680,0
1315,0001,2021-01-15 13:22:16.948,2,1685,978,0,979,1680,0
1316,0001,2021-01-15 13:22:17.963,2,1685,978,0,979,1680,0
1317,0001,2021-01-15 13:22:18.978,2,1685,978,0,979,1680,0
1318,0001,2021-01-15 13:22:19.994,2,1685,978,0,979,1680,0
1319,0001,2021-01-15 13:22:21.009,2,1685,978,0,979,1680,0
1320,0001,2021-01-15 13:22:22.025,2,1685,978,0,979,1680,0
1321,0001,2021-01-15 13:22:23.04,2,1685,978,0,979,1680,0
1322,0001,2021-01-15 13:22:24.055,2,1685,978,0,979,1680,0
1323,0001,2021-01-15 13:22:25.071,2,1685,978,0,979,1680,0
1324,0001,2021-01-15 13:22:26.086,2,1685,978,0,979,1680,0
1325,0001,2021-01-15 13:22:27.102,2,1685,978,0,979,1680,0
1326,0001,2021-01-15 13:22:28.117,2,1685,978,1,979,1680,1
1327,0001,2021-01-15 13:22:29.132,2,1685,978,1,979,1680,1
1328,0001,2021-01-15 13:22:30.148,2,1685,978,1,979,1680,1
1329,0001,2021-01-15 13:22:31.149,2,1685,978,1,979,1680,1
1330,0001,2021-01-15 13:22:32.164,2,1685,978,1,979,1680,1
1331,0001,2021-01-15 13:22:33.179,2,1685,978,1,979,1680,1
1332,0001,2021-01-15 13:22:34.195,2,1685,978,1,979,1680,1
1333,0001,2021-01-15 13:22:35.21,2,1685,978,1,979,1680,1
1334,0001,2021-01-15 13:22:36.226,2,1685,978,2,979,1680,2
1335,0001,2021-01-15 13:22:37.241,2,1686,978,1,979,1681,1
1336,0001,2021-01-15 13:22:38.256,2,1686,978,1,979,1681,1
1337,0001,2021-01-15 13:22:39.272,2,1686,978,1,979,1681,1
1338,0001,2021-01-15 13:22:40.287,2,1686,978,1,979,1681,1
1339,0001,2021-01-15 13:22:41.302,2,1686,978,1,979,1681,1
1340,0001,2021-01-15 13:22:42.318,2,1686,978,1,979,1681,1
1341,0001,2021-01-15 13:22:43.333,2,1686,978,1,979,1681,1
1342,0001,2021-01-15 13:22:44.349,2,1686,978,1,979,1681,1
1343,0001,2021-01-15 13:22:45.35,2,1687,978,1,979,1682,1
1344,0001,2021-01-15 13:22:46.365,2,1687,978,1,979,1682,1
1345,0001,2021-01-15 13:22:47.38,2,1687,978,1,979,1682,1
1346,0001,2021-01-15 13:22:48.396,2,1687,978,1,979,1682,1
1347,0001,2021-01-15 13:22:49.411,2,1687,978,1,979,1682,1
1348,0001,2021-01-15 13:22:50.426,2,1687,978,1,979,1682,1
1349,0001,2021-01-15 13:22:51.442,2,1687,978,1,979,1682,1
1350,0001,2021-01-15 13:22:52.442,2,1687,978,1,979,1682,1
1351,0001,2021-01-15 13:22:53.457,2,1687,978,1,979,1682,1
1352,0001,2021-01-15 13:22:54.472,2,1687,978,1,979,1682,1
1353,0001,2021-01-15 13:22:55.488,2,1687,978,1,979,1682,1
1354,0001,2021-01-15 13:22:56.503,2,1687,979,0,980,1682,0
1355,0001,2021-01-15 13:22:57.519,2,1687,979,0,980,1682,0
1356,0001,2021-01-15 13:22:58.534,2,1687,979,0,980,1682,0
1357,0001,2021-01-15 13:22:59.549,2,1687,979,0,980,1682,0
1358,0001,2021-01-15 13:23:00.55,2,1687,979,0,980,1682,0
1359,0001,2021-01-15 13:23:01.566,2,1687,979,0,980,1682,0
1360,0001,2021-01-15 13:23:02.581,2,1687,979,0,980,1682,0
1361,0001,2021-01-15 13:23:03.596,2,1687,979,0,980,1682,0
1362,0001,2021-01-15 13:23:04.612,2,1687,979,0,980,1682,0
1363,0001,2021-01-15 13:23:05.627,2,1687,979,0,980,1682,0
1364,0001,2021-01-15 13:23:06.643,2,1687,979,0,980,1682,0
1365,0001,2021-01-15 13:23:07.658,2,1687,979,0,980,1682,0
1366,0001,2021-01-15 13:23:08.673,2,1687,979,0,980,1682,0
1367,0001,2021-01-15 13:23:09.689,2,1687,979,0,980,1682,0
1368,0001,2021-01-15 13:23:10.704,2,1687,979,0,980,1682,0
1369,0001,2021-01-15 13:23:11.72,2,1687,979,0,980,1682,0
1370,0001,2021-01-15 13:23:12.735,2,1687,979,1,980,1682,1
1371,0001,2021-01-15 13:23:13.75,2,1687,979,2,980,1682,2
1372,0001,2021-01-15 13:23:14.766,2,1687,979,2,980,1682,2
1373,0001,2021-01-15 13:23:15.767,2,1687,979,2,980,1682,2
1374,0001,2021-01-15 13:23:16.782,2,1687,979,2,980,1682,2
1375,0001,2021-01-15 13:23:17.798,2,1687,979,2,980,1682,2
1376,0001,2021-01-15 13:23:18.813,2,1687,979,2,980,1682,2
1377,0001,2021-01-15 13:23:19.828,2,1687,979,3,980,1682,3
1378,0001,2021-01-15 13:23:20.844,2,1687,979,3,980,1682,3
1379,0001,2021-01-15 13:23:21.859,2,1687,979,2,980,1682,2
1380,0001,2021-01-15 13:23:22.874,2,1687,979,3,980,1682,3
1381,0001,2021-01-15 13:23:23.89,2,1688,979,2,980,1683,2
1382,0001,2021-01-15 13:23:24.905,2,1688,979,2,980,1683,2
1383,0001,2021-01-15 13:23:25.92,2,1688,979,1,980,1683,1
1384,0001,2021-01-15 13:23:26.936,2,1688,979,1,980,1683,1
1385,0001,2021-01-15 13:23:27.951,2,1688,979,1,980,1683,1
1386,0001,2021-01-15 13:23:28.967,2,1688,979,1,980,1683,1
1387,0001,2021-01-15 13:23:29.982,2,1688,979,4,980,1683,4
1388,0001,2021-01-15 13:23:30.983,2,1688,979,3,980,1683,3
1389,0001,2021-01-15 13:23:31.998,2,1688,979,3,980,1683,3
1390,0001,2021-01-15 13:23:33.014,2,1688,979,2,980,1683,2
1391,0001,2021-01-15 13:23:34.029,2,1688,979,2,980,1683,2
1392,0001,2021-01-15 13:23:35.045,2,1688,979,2,980,1683,2
1393,0001,2021-01-15 13:23:36.06,2,1688,979,2,980,1683,2
1394,0001,2021-01-15 13:23:37.075,2,1688,979,3,980,1683,3
1395,0001,2021-01-15 13:23:38.091,2,1688,979,3,980,1683,3
1396,0001,2021-01-15 13:23:39.106,2,1688,981,1,982,1683,1
1397,0001,2021-01-15 13:23:40.121,2,1688,981,1,982,1683,1
1398,0001,2021-01-15 13:23:41.137,2,1688,981,1,982,1683,1
1399,0001,2021-01-15 13:23:42.152,2,1688,981,1,982,1683,1
1400,0001,2021-01-15 13:23:43.168,2,1688,981,1,982,1683,1
1401,0001,2021-01-15 13:23:44.183,2,1688,981,2,982,1683,2
1402,0001,2021-01-15 13:23:45.184,2,1688,981,3,982,1683,3
1403,0001,2021-01-15 13:23:46.199,2,1688,981,3,982,1683,3
1404,0001,2021-01-15 13:23:47.215,2,1688,982,2,983,1683,2
1405,0001,2021-01-15 13:23:48.23,2,1688,982,2,983,1683,2
1406,0001,2021-01-15 13:23:49.245,2,1688,982,2,983,1683,2
1407,0001,2021-01-15 13:23:50.261,2,1688,982,3,983,1683,3
1408,0001,2021-01-15 13:23:51.276,2,1688,982,4,983,1683,4
1409,0001,2021-01-15 13:23:52.292,2,1689,982,3,983,1684,3
1410,0001,2021-01-15 13:23:53.307,2,1689,982,1,983,1684,1
1411,0001,2021-01-15 13:23:54.322,2,1690,982,0,983,1685,0
1412,0001,2021-01-15 13:23:55.338,2,1690,982,2,983,1685,2
1413,0001,2021-01-15 13:23:56.353,2,1690,982,2,983,1685,2
1414,0001,2021-01-15 13:23:57.368,2,1690,982,2,983,1685,2
1415,0001,2021-01-15 13:23:59.4,1,1690,982,4,983,1685,4
1416,0001,2021-01-15 13:24:00.4,1,1690,982,4,983,1685,4
1417,0001,2021-01-15 13:24:01.416,1,1690,982,4,983,1685,4
1418,0001,2021-01-15 13:24:02.431,1,1690,982,2,983,1685,2
1419,0001,2021-01-15 13:24:03.446,1,1690,982,3,983,1685,3
1420,0001,2021-01-15 13:24:04.447,1,1690,983,2,984,1685,2
1421,0001,2021-01-15 13:24:05.456,2,1690,983,5,984,1685,5
1422,0001,2021-01-15 13:24:06.472,2,1691,983,4,984,1686,4
1423,0001,2021-01-15 13:24:07.487,2,1691,983,4,984,1686,4
1424,0001,2021-01-15 13:24:08.502,2,1691,983,2,984,1686,2
1425,0001,2021-01-15 13:24:09.518,2,1691,983,2,984,1686,2
1426,0001,2021-01-15 13:24:10.533,2,1691,983,2,984,1686,2
1427,0001,2021-01-15 13:24:11.548,2,1691,983,2,984,1686,2
1428,0001,2021-01-15 13:24:12.564,2,1691,983,2,984,1686,2
1429,0001,2021-01-15 13:24:13.579,2,1691,983,3,984,1686,3
1430,0001,2021-01-15 13:24:14.595,2,1691,983,3,984,1686,3
1431,0001,2021-01-15 13:24:15.596,2,1691,984,2,985,1686,2
1432,0001,2021-01-15 13:24:16.611,2,1691,984,2,985,1686,2
1433,0001,2021-01-15 13:24:17.627,2,1691,984,2,985,1686,2
1434,0001,2021-01-15 13:24:18.642,2,1691,984,3,985,1686,3
1435,0001,2021-01-15 13:24:19.657,2,1691,984,3,985,1686,3
1436,0001,2021-01-15 13:24:20.672,2,1691,984,3,985,1686,3
1437,0001,2021-01-15 13:24:21.688,2,1691,984,3,985,1686,3
1438,0001,2021-01-15 13:24:22.703,2,1691,984,3,985,1686,3
1439,0001,2021-01-15 13:24:23.719,2,1691,984,3,985,1686,3
1440,0001,2021-01-15 13:24:24.734,2,1692,984,2,985,1687,2
1441,0001,2021-01-15 13:24:25.749,2,1692,984,2,985,1687,2
1442,0001,2021-01-15 13:24:26.765,2,1692,984,2,985,1687,2
1443,0001,2021-01-15 13:24:27.78,2,1692,984,2,985,1687,2
1444,0001,2021-01-15 13:24:28.796,2,1693,984,0,985,1688,0
1445,0001,2021-01-15 13:24:29.811,2,1693,984,0,985,1688,0
1446,0001,2021-01-15 13:24:30.816,2,1693,984,0,985,1688,0
1447,0001,2021-01-15 13:24:31.831,2,1693,984,0,985,1688,0
1448,0001,2021-01-15 13:24:32.847,2,1693,984,0,985,1688,0
1449,0001,2021-01-15 13:24:33.862,2,1693,984,0,985,1688,0
1450,0001,2021-01-15 13:24:34.877,2,1693,984,0,985,1688,0
1451,0001,2021-01-15 13:24:35.893,2,1693,984,1,985,1688,1
1452,0001,2021-01-15 13:24:36.908,2,1693,984,1,985,1688,1
1453,0001,2021-01-15 13:24:37.924,2,1693,984,1,985,1688,1
1454,0001,2021-01-15 13:24:38.939,2,1693,984,1,985,1688,1
1455,0001,2021-01-15 13:24:39.954,2,1693,984,1,985,1688,1
1456,0001,2021-01-15 13:24:40.97,2,1693,984,1,985,1688,1
1457,0001,2021-01-15 13:24:41.985,2,1693,984,1,985,1688,1
1458,0001,2021-01-15 13:24:43.001,2,1693,984,0,985,1688,0
1459,0001,2021-01-15 13:24:44.016,2,1693,984,0,985,1688,0
1460,0001,2021-01-15 13:24:45.031,2,1693,984,0,985,1688,0
1461,0001,2021-01-15 13:24:46.032,2,1693,984,0,985,1688,0
1462,0001,2021-01-15 13:24:47.048,2,1693,984,0,985,1688,0
1463,0001,2021-01-15 13:24:48.063,2,1693,984,0,985,1688,0
1464,0001,2021-01-15 13:24:49.078,2,1693,984,0,985,1688,0
1465,0001,2021-01-15 13:24:50.094,2,1693,984,0,985,1688,0
1466,0001,2021-01-15 13:24:51.109,2,1693,984,0,985,1688,0
1467,0001,2021-01-15 13:24:52.125,2,1693,984,0,985,1688,0
1468,0001,2021-01-15 13:24:53.14,2,1693,984,0,985,1688,0
1469,0001,2021-01-15 13:24:54.155,2,1693,984,0,985,1688,0
1470,0001,2021-01-15 13:24:55.171,2,1693,984,1,985,1688,1
1471,0001,2021-01-15 13:24:56.186,2,1693,984,1,985,1688,1
1472,0001,2021-01-15 13:24:57.202,2,1693,984,1,985,1688,1
1473,0001,2021-01-15 13:24:58.217,2,1693,984,1,985,1688,1
1474,0001,2021-01-15 13:24:59.232,2,1693,984,2,985,1688,2
1475,0001,2021-01-15 13:25:00.234,2,1693,984,2,985,1688,2
1476,0001,2021-01-15 13:25:01.249,2,1693,984,2,985,1688,2
1477,0001,2021-01-15 13:25:02.264,2,1693,984,2,985,1688,2
1478,0001,2021-01-15 13:25:03.28,2,1693,984,2,985,1688,2
1479,0001,2021-01-15 13:25:04.295,2,1693,984,2,985,1688,2
1480,0001,2021-01-15 13:25:05.311,2,1693,984,2,985,1688,2
1481,0001,2021-01-15 13:25:06.326,2,1693,984,2,985,1688,2
1482,0001,2021-01-15 13:25:07.341,2,1693,984,2,985,1688,2
1483,0001,2021-01-15 13:25:08.357,2,1694,984,1,985,1689,1
1484,0001,2021-01-15 13:25:09.372,2,1694,984,1,985,1689,1
1485,0001,2021-01-15 13:25:10.388,2,1694,984,2,985,1689,2
1486,0001,2021-01-15 13:25:11.403,2,1694,984,3,985,1689,3
1487,0001,2021-01-15 13:25:12.418,2,1695,984,3,985,1690,3
1488,0001,2021-01-15 13:25:13.434,2,1695,984,3,985,1690,3
1489,0001,2021-01-15 13:25:14.449,2,1695,984,4,985,1690,4
1490,0001,2021-01-15 13:25:15.45,2,1695,984,4,985,1690,4
1491,0001,2021-01-15 13:25:16.465,2,1695,984,4,985,1690,4
1492,0001,2021-01-15 13:25:17.481,2,1695,984,5,985,1690,5
1493,0001,2021-01-15 13:25:18.496,2,1695,984,5,985,1690,5
1494,0001,2021-01-15 13:25:19.512,2,1695,984,5,985,1690,5
1495,0001,2021-01-15 13:25:20.527,2,1695,985,4,986,1690,4
1496,0001,2021-01-15 13:25:21.542,2,1695,985,3,986,1690,3
1497,0001,2021-01-15 13:25:22.558,2,1695,986,3,987,1690,3
1498,0001,2021-01-15 13:25:23.573,2,1695,987,2,988,1690,2
1499,0001,2021-01-15 13:25:24.588,2,1695,987,2,988,1690,2
1500,0001,2021-01-15 13:25:25.604,2,1695,987,2,988,1690,2
1501,0001,2021-01-15 13:25:26.619,2,1695,988,2,989,1690,2
1502,0001,2021-01-15 13:25:27.635,2,1695,988,2,989,1690,2
1503,0001,2021-01-15 13:25:28.65,2,1695,988,2,989,1690,2
1504,0001,2021-01-15 13:25:29.665,2,1695,988,2,989,1690,2
1505,0001,2021-01-15 13:25:30.666,2,1695,988,2,989,1690,2
1506,0001,2021-01-15 13:25:31.682,2,1695,988,2,989,1690,2
1507,0001,2021-01-15 13:25:32.697,2,1695,988,2,989,1690,2
1508,0001,2021-01-15 13:25:33.712,2,1695,988,2,989,1690,2
1509,0001,2021-01-15 13:25:34.728,2,1695,989,1,990,1690,1
1510,0001,2021-01-15 13:25:35.743,2,1696,989,0,990,1691,0
1511,0001,2021-01-15 13:25:36.759,2,1696,989,0,990,1691,0
1512,0001,2021-01-15 13:25:37.774,2,1696,989,0,990,1691,0
1513,0001,2021-01-15 13:25:38.789,2,1696,989,2,990,1691,2
1514,0001,2021-01-15 13:25:39.805,2,1696,989,3,990,1691,3
1515,0001,2021-01-15 13:25:40.821,2,1696,989,3,990,1691,3
1516,0001,2021-01-15 13:25:41.836,2,1696,989,2,990,1691,2
1517,0001,2021-01-15 13:25:42.851,2,1696,989,2,990,1691,2
1518,0001,2021-01-15 13:25:43.866,2,1696,989,2,990,1691,2
1519,0001,2021-01-15 13:25:44.882,2,1696,989,2,990,1691,2
1520,0001,2021-01-15 13:25:45.883,2,1696,989,3,990,1691,3
1521,0001,2021-01-15 13:25:46.898,2,1696,989,3,990,1691,3
1522,0001,2021-01-15 13:25:47.913,2,1696,989,3,990,1691,3
1523,0001,2021-01-15 13:25:48.929,2,1696,989,3,990,1691,3
1524,0001,2021-01-15 13:25:49.944,2,1696,989,3,990,1691,3
1525,0001,2021-01-15 13:25:50.96,2,1698,989,1,990,1693,1
1526,0001,2021-01-15 13:25:51.975,2,1698,989,1,990,1693,1
1527,0001,2021-01-15 13:25:52.99,2,1698,989,1,990,1693,1
1528,0001,2021-01-15 13:25:54.006,2,1698,989,1,990,1693,1
1529,0001,2021-01-15 13:25:55.021,2,1698,989,1,990,1693,1
1530,0001,2021-01-15 13:25:56.037,2,1698,989,1,990,1693,1
1531,0001,2021-01-15 13:25:57.052,2,1698,989,1,990,1693,1
1532,0001,2021-01-15 13:25:58.067,2,1698,989,1,990,1693,1
1533,0001,2021-01-15 13:25:59.083,2,1698,989,1,990,1693,1
1534,0001,2021-01-15 13:26:00.098,2,1699,989,0,990,1694,0
1535,0001,2021-01-15 13:26:01.099,2,1699,989,0,990,1694,0
1536,0001,2021-01-15 13:26:02.114,2,1699,989,0,990,1694,0
1537,0001,2021-01-15 13:26:03.13,2,1699,989,0,990,1694,0
1538,0001,2021-01-15 13:26:04.145,2,1699,989,0,990,1694,0
1539,0001,2021-01-15 13:26:05.161,2,1699,989,0,990,1694,0
1540,0001,2021-01-15 13:26:06.176,2,1699,989,0,990,1694,0
1541,0001,2021-01-15 13:26:07.191,2,1699,989,0,990,1694,0
1542,0001,2021-01-15 13:26:08.207,2,1699,989,1,990,1694,1
1543,0001,2021-01-15 13:26:09.222,2,1699,989,1,990,1694,1
1544,0001,2021-01-15 13:26:10.238,2,1699,989,1,990,1694,1
1545,0001,2021-01-15 13:26:11.253,2,1699,989,1,990,1694,1
1546,0001,2021-01-15 13:26:12.268,2,1699,989,1,990,1694,1
1547,0001,2021-01-15 13:26:13.284,2,1699,989,1,990,1694,1
1548,0001,2021-01-15 13:26:14.299,2,1699,989,1,990,1694,1
1549,0001,2021-01-15 13:26:15.3,2,1699,989,1,990,1694,1
1550,0001,2021-01-15 13:26:16.315,2,1699,989,1,990,1694,1
1551,0001,2021-01-15 13:26:17.331,2,1699,989,2,990,1694,2
1552,0001,2021-01-15 13:26:18.346,2,1700,989,1,990,1695,1
1553,0001,2021-01-15 13:26:19.361,2,1700,989,1,990,1695,1
1554,0001,2021-01-15 13:26:20.377,2,1700,989,1,990,1695,1
1555,0001,2021-01-15 13:26:21.392,2,1700,989,1,990,1695,1
1556,0001,2021-01-15 13:26:22.408,2,1700,989,1,990,1695,1
1557,0001,2021-01-15 13:26:23.423,2,1700,989,1,990,1695,1
1558,0001,2021-01-15 13:26:24.438,2,1700,989,1,990,1695,1
1559,0001,2021-01-15 13:26:25.454,2,1700,989,1,990,1695,1
1560,0001,2021-01-15 13:26:26.469,2,1700,989,1,990,1695,1
1561,0001,2021-01-15 13:26:27.485,2,1701,989,1,990,1696,1
1562,0001,2021-01-15 13:26:28.5,2,1701,989,1,990,1696,1
1563,0001,2021-01-15 13:26:29.515,2,1701,989,2,990,1696,2
1564,0001,2021-01-15 13:26:30.516,2,1701,989,2,990,1696,2
1565,0001,2021-01-15 13:26:31.532,2,1701,989,2,990,1696,2
1566,0001,2021-01-15 13:26:32.547,2,1701,989,2,990,1696,2
1567,0001,2021-01-15 13:26:33.562,2,1701,989,2,990,1696,2
1568,0001,2021-01-15 13:26:34.578,2,1701,989,2,990,1696,2
1569,0001,2021-01-15 13:26:35.593,2,1701,990,1,991,1696,1
1570,0001,2021-01-15 13:26:36.609,2,1701,990,1,991,1696,1
1571,0001,2021-01-15 13:26:37.624,2,1701,991,0,992,1696,0
1572,0001,2021-01-15 13:26:38.639,2,1701,991,0,992,1696,0
1573,0001,2021-01-15 13:26:39.655,2,1701,991,0,992,1696,0
1574,0001,2021-01-15 13:26:40.67,2,1701,991,0,992,1696,0
1575,0001,2021-01-15 13:26:41.685,2,1701,991,0,992,1696,0
1576,0001,2021-01-15 13:26:42.701,2,1701,991,0,992,1696,0
1577,0001,2021-01-15 13:26:43.716,2,1701,991,1,992,1696,1
1578,0001,2021-01-15 13:26:44.732,2,1701,991,1,992,1696,1
1579,0001,2021-01-15 13:26:45.737,2,1701,991,1,992,1696,1
1580,0001,2021-01-15 13:26:46.752,2,1701,991,1,992,1696,1
1581,0001,2021-01-15 13:26:47.767,2,1701,991,1,992,1696,1
1582,0001,2021-01-15 13:26:48.783,2,1701,991,1,992,1696,1
1583,0001,2021-01-15 13:26:49.798,2,1701,991,1,992,1696,1
1584,0001,2021-01-15 13:26:50.813,2,1701,991,1,992,1696,1
1585,0001,2021-01-15 13:26:51.829,2,1701,991,2,992,1696,2
1586,0001,2021-01-15 13:26:52.844,2,1701,991,2,992,1696,2
1587,0001,2021-01-15 13:26:53.86,2,1701,992,1,993,1696,1
1588,0001,2021-01-15 13:26:54.875,2,1701,992,1,993,1696,1
1589,0001,2021-01-15 13:26:55.89,2,1701,992,1,993,1696,1
1590,0001,2021-01-15 13:26:56.906,2,1701,992,1,993,1696,1
1591,0001,2021-01-15 13:26:57.921,2,1701,992,1,993,1696,1
1592,0001,2021-01-15 13:26:58.937,2,1701,992,1,993,1696,1
1593,0001,2021-01-15 13:26:59.952,2,1701,992,1,993,1696,1
1594,0001,2021-01-15 13:27:00.953,2,1702,992,0,993,1697,0
1595,0001,2021-01-15 13:27:01.968,2,1702,992,1,993,1697,1
1596,0001,2021-01-15 13:27:02.984,2,1702,992,1,993,1697,1
1597,0001,2021-01-15 13:27:03.999,2,1702,992,1,993,1697,1
1598,0001,2021-01-15 13:27:05.014,2,1702,992,1,993,1697,1
1599,0001,2021-01-15 13:27:06.03,2,1702,992,1,993,1697,1
1600,0001,2021-01-15 13:27:07.045,2,1702,992,1,993,1697,1
1601,0001,2021-01-15 13:27:08.061,2,1702,992,1,993,1697,1
1602,0001,2021-01-15 13:27:09.076,2,1702,992,1,993,1697,1
1603,0001,2021-01-15 13:27:10.091,2,1702,992,1,993,1697,1
1604,0001,2021-01-15 13:27:11.107,2,1702,992,1,993,1697,1
1605,0001,2021-01-15 13:27:12.122,2,1702,993,0,994,1697,0
1606,0001,2021-01-15 13:27:13.138,2,1702,993,0,994,1697,0
1607,0001,2021-01-15 13:27:14.153,2,1702,993,0,994,1697,0
1608,0001,2021-01-15 13:27:15.168,2,1702,993,0,994,1697,0
1609,0001,2021-01-15 13:27:16.169,2,1702,993,0,994,1697,0
1610,0001,2021-01-15 13:27:17.185,2,1702,993,0,994,1697,0
1611,0001,2021-01-15 13:27:18.2,2,1702,993,0,994,1697,0
1612,0001,2021-01-15 13:27:19.202,2,1702,993,0,994,1697,0
1613,0001,2021-01-15 13:27:20.203,2,1702,993,0,994,1697,0
1614,0001,2021-01-15 13:27:21.204,2,1702,993,0,994,1697,0
1615,0001,2021-01-15 13:27:22.219,2,1702,993,0,994,1697,0
1616,0001,2021-01-15 13:27:23.234,2,1702,993,0,994,1697,0
1617,0001,2021-01-15 13:27:24.25,2,1702,993,0,994,1697,0
1618,0001,2021-01-15 13:27:25.251,2,1702,993,0,994,1697,0
1619,0001,2021-01-15 13:27:26.266,2,1702,993,1,994,1697,1
1620,0001,2021-01-15 13:27:27.282,2,1702,993,1,994,1697,1
1621,0001,2021-01-15 13:27:28.297,2,1702,993,1,994,1697,1
1622,0001,2021-01-15 13:27:29.312,2,1702,993,2,994,1697,2
1623,0001,2021-01-15 13:27:30.313,2,1702,993,2,994,1697,2
1624,0001,2021-01-15 13:27:31.329,2,1702,993,3,994,1697,3
1625,0001,2021-01-15 13:27:32.329,2,1702,993,3,994,1697,3
1626,0001,2021-01-15 13:27:33.344,2,1702,993,3,994,1697,3
1627,0001,2021-01-15 13:27:34.359,2,1702,993,3,994,1697,3
1628,0001,2021-01-15 13:27:35.375,2,1702,994,2,995,1697,2
1629,0001,2021-01-15 13:27:36.39,2,1702,994,2,995,1697,2
1630,0001,2021-01-15 13:27:37.405,2,1702,994,2,995,1697,2
1631,0001,2021-01-15 13:27:38.421,2,1702,994,2,995,1697,2
1632,0001,2021-01-15 13:27:39.436,2,1702,994,2,995,1697,2
1633,0001,2021-01-15 13:27:40.451,2,1702,994,1,995,1697,1
1634,0001,2021-01-15 13:27:41.467,2,1703,994,0,995,1698,0
1635,0001,2021-01-15 13:27:42.482,2,1703,994,0,995,1698,0
1636,0001,2021-01-15 13:27:43.498,2,1703,994,1,995,1698,1
1637,0001,2021-01-15 13:27:44.513,2,1703,994,1,995,1698,1
1638,0001,2021-01-15 13:27:45.514,2,1703,994,2,995,1698,2
1639,0001,2021-01-15 13:27:46.529,2,1703,994,3,995,1698,3
1640,0001,2021-01-15 13:27:47.545,2,1703,994,3,995,1698,3
1641,0001,2021-01-15 13:27:48.56,2,1703,994,4,995,1698,4
1642,0001,2021-01-15 13:27:49.575,2,1703,994,5,995,1698,5
1643,0001,2021-01-15 13:27:50.591,2,1703,994,5,995,1698,5
1644,0001,2021-01-15 13:27:52.622,1,1703,994,5,995,1698,5
1645,0001,2021-01-15 13:27:53.637,1,1703,994,10,995,1698,10
1646,0001,2021-01-15 13:27:54.652,1,1703,994,11,995,1698,11
1647,0001,2021-01-15 13:27:55.668,1,1703,994,7,995,1698,7
1648,0001,2021-01-15 13:27:56.683,1,1703,994,7,995,1698,7
1649,0001,2021-01-15 13:27:57.699,1,1703,995,6,996,1698,6
1650,0001,2021-01-15 13:27:58.714,2,1703,995,10,996,1698,10
1651,0001,2021-01-15 13:27:59.729,2,1703,996,7,997,1698,7
1652,0001,2021-01-15 13:28:00.73,2,1704,996,8,997,1699,8
1653,0001,2021-01-15 13:28:01.746,2,1704,996,5,997,1699,5
1654,0001,2021-01-15 13:28:02.761,2,1706,997,2,998,1701,2
1655,0001,2021-01-15 13:28:03.776,2,1706,997,2,998,1701,2
1656,0001,2021-01-15 13:28:04.792,2,1706,998,1,999,1701,1
1657,0001,2021-01-15 13:28:05.807,2,1706,998,1,999,1701,1
1658,0001,2021-01-15 13:28:06.823,2,1706,998,1,999,1701,1
1659,0001,2021-01-15 13:28:07.838,2,1706,998,1,999,1701,1
1660,0001,2021-01-15 13:28:08.853,2,1706,998,1,999,1701,1
1661,0001,2021-01-15 13:28:09.869,2,1706,998,1,999,1701,1
1662,0001,2021-01-15 13:28:10.884,2,1706,998,1,999,1701,1
1663,0001,2021-01-15 13:28:11.899,2,1706,998,1,999,1701,1
1664,0001,2021-01-15 13:28:12.915,2,1707,998,1,999,1702,1
1665,0001,2021-01-15 13:28:13.93,2,1707,998,1,999,1702,1
1666,0001,2021-01-15 13:28:14.946,2,1707,998,2,999,1702,2
1667,0001,2021-01-15 13:28:15.946,2,1707,998,4,999,1702,4
1668,0001,2021-01-15 13:28:16.962,2,1707,998,4,999,1702,4
1669,0001,2021-01-15 13:28:17.977,2,1707,998,4,999,1702,4
1670,0001,2021-01-15 13:28:18.993,2,1707,998,5,999,1702,5
1671,0001,2021-01-15 13:28:20.008,2,1707,998,5,999,1702,5
1672,0001,2021-01-15 13:28:21.023,2,1707,998,5,999,1702,5
1673,0001,2021-01-15 13:28:22.039,2,1707,999,4,1000,1702,4
1674,0001,2021-01-15 13:28:23.054,2,1707,999,4,1000,1702,4
1675,0001,2021-01-15 13:28:24.07,2,1708,999,3,1000,1703,3
1676,0001,2021-01-15 13:28:25.085,2,1708,999,3,1000,1703,3
1677,0001,2021-01-15 13:28:26.1,2,1709,999,2,1000,1704,2
1678,0001,2021-01-15 13:28:27.116,2,1709,999,2,1000,1704,2
1679,0001,2021-01-15 13:28:28.131,2,1709,999,2,1000,1704,2
1680,0001,2021-01-15 13:28:29.146,2,1710,1000,1,1001,1705,1
1681,0001,2021-01-15 13:28:30.162,2,1710,1000,1,1001,1705,1
1682,0001,2021-01-15 13:28:31.163,2,1710,1000,1,1001,1705,1
1683,0001,2021-01-15 13:28:32.178,2,1710,1000,1,1001,1705,1
1684,0001,2021-01-15 13:28:33.194,2,1710,1000,1,1001,1705,1
1685,0001,2021-01-15 13:28:34.209,2,1710,1000,2,1001,1705,2
1686,0001,2021-01-15 13:28:35.224,2,1710,1000,2,1001,1705,2
1687,0001,2021-01-15 13:28:36.24,2,1710,1000,2,1001,1705,2
1688,0001,2021-01-15 13:28:37.255,2,1710,1000,2,1001,1705,2
1689,0001,2021-01-15 13:28:38.27,2,1710,1000,2,1001,1705,2
1690,0001,2021-01-15 13:28:40.301,1,1710,1000,3,1001,1705,3
1691,0001,2021-01-15 13:28:41.317,1,1710,1000,3,1001,1705,3
1692,0001,2021-01-15 13:28:42.332,1,1710,1000,3,1001,1705,3
1693,0001,2021-01-15 13:28:43.347,1,1710,1000,1,1001,1705,1
1694,0001,2021-01-15 13:28:44.363,1,1710,1000,1,1001,1705,1
1695,0001,2021-01-15 13:28:45.368,1,1710,1000,1,1001,1705,1
1696,0001,2021-01-15 13:28:46.383,2,1710,1000,2,1001,1705,2
1697,0001,2021-01-15 13:28:47.398,2,1710,1000,2,1001,1705,2
1698,0001,2021-01-15 13:28:48.414,2,1710,1000,2,1001,1705,2
1699,0001,2021-01-15 13:28:49.429,2,1710,1000,1,1001,1705,1
1700,0001,2021-01-15 13:28:50.445,2,1710,1000,1,1001,1705,1
1701,0001,2021-01-15 13:28:51.46,2,1710,1000,1,1001,1705,1
1702,0001,2021-01-15 13:28:52.475,2,1710,1000,1,1001,1705,1
1703,0001,2021-01-15 13:28:53.491,2,1711,1000,0,1001,1706,0
1704,0001,2021-01-15 13:28:54.506,2,1711,1000,0,1001,1706,0
1705,0001,2021-01-15 13:28:55.522,2,1711,1000,0,1001,1706,0
1706,0001,2021-01-15 13:28:56.537,2,1711,1000,0,1001,1706,0
1707,0001,2021-01-15 13:28:57.552,2,1711,1000,1,1001,1706,1
1708,0001,2021-01-15 13:28:58.568,2,1711,1000,1,1001,1706,1
1709,0001,2021-01-15 13:28:59.583,2,1711,1000,1,1001,1706,1
1710,0001,2021-01-15 13:29:00.584,2,1711,1000,1,1001,1706,1
1711,0001,2021-01-15 13:29:01.599,2,1711,1000,1,1001,1706,1
1712,0001,2021-01-15 13:29:02.615,2,1711,1000,1,1001,1706,1
1713,0001,2021-01-15 13:29:03.63,2,1711,1000,1,1001,1706,1
1714,0001,2021-01-15 13:29:04.646,2,1711,1000,2,1001,1706,2
1715,0001,2021-01-15 13:29:05.661,2,1711,1000,2,1001,1706,2
1716,0001,2021-01-15 13:29:06.676,2,1712,1000,1,1001,1707,1
1717,0001,2021-01-15 13:29:07.692,2,1712,1000,0,1001,1707,0
1718,0001,2021-01-15 13:29:08.707,2,1712,1000,0,1001,1707,0
1719,0001,2021-01-15 13:29:09.722,2,1712,1000,1,1001,1707,1
1720,0001,2021-01-15 13:29:10.738,2,1712,1000,1,1001,1707,1
1721,0001,2021-01-15 13:29:11.753,2,1712,1000,1,1001,1707,1
1722,0001,2021-01-15 13:29:12.769,2,1712,1000,1,1001,1707,1
1723,0001,2021-01-15 13:29:13.784,2,1712,1000,1,1001,1707,1
1724,0001,2021-01-15 13:29:14.799,2,1712,1000,1,1001,1707,1
1725,0001,2021-01-15 13:29:15.8,2,1712,1000,2,1001,1707,2
1726,0001,2021-01-15 13:29:16.816,2,1712,1000,3,1001,1707,3
1727,0001,2021-01-15 13:29:17.831,2,1712,1000,3,1001,1707,3
1728,0001,2021-01-15 13:29:18.846,2,1712,1001,2,1002,1707,2
1729,0001,2021-01-15 13:29:19.862,2,1712,1001,2,1002,1707,2
1730,0001,2021-01-15 13:29:20.877,2,1712,1001,2,1002,1707,2
1731,0001,2021-01-15 13:29:21.893,2,1712,1001,4,1002,1707,4
1732,0001,2021-01-15 13:29:22.908,2,1712,1001,4,1002,1707,4
1733,0001,2021-01-15 13:29:23.923,2,1712,1001,4,1002,1707,4
1734,0001,2021-01-15 13:29:24.939,2,1712,1001,3,1002,1707,3
1735,0001,2021-01-15 13:29:25.954,2,1712,1001,3,1002,1707,3
1736,0001,2021-01-15 13:29:26.969,2,1712,1001,4,1002,1707,4
1737,0001,2021-01-15 13:29:27.985,2,1714,1001,2,1002,1709,2
1738,0001,2021-01-15 13:29:29,2,1714,1001,2,1002,1709,2
1739,0001,2021-01-15 13:29:30.016,2,1714,1001,2,1002,1709,2
1740,0001,2021-01-15 13:29:31.017,2,1714,1001,2,1002,1709,2
1741,0001,2021-01-15 13:29:32.032,2,1714,1001,2,1002,1709,2
1742,0001,2021-01-15 13:29:33.047,2,1714,1001,2,1002,1709,2
1743,0001,2021-01-15 13:29:34.063,2,1714,1001,2,1002,1709,2
1744,0001,2021-01-15 13:29:35.078,2,1715,1001,1,1002,1710,1
1745,0001,2021-01-15 13:29:36.094,2,1715,1001,3,1002,1710,3
1746,0001,2021-01-15 13:29:37.109,2,1715,1001,3,1002,1710,3
1747,0001,2021-01-15 13:29:38.124,2,1715,1001,3,1002,1710,3
1748,0001,2021-01-15 13:29:39.14,2,1715,1001,4,1002,1710,4
1749,0001,2021-01-15 13:29:40.155,2,1715,1001,4,1002,1710,4
1750,0001,2021-01-15 13:29:41.171,2,1715,1001,3,1002,1710,3
1751,0001,2021-01-15 13:29:42.186,2,1715,1001,3,1002,1710,3
1752,0001,2021-01-15 13:29:43.201,2,1715,1001,3,1002,1710,3
1753,0001,2021-01-15 13:29:44.217,2,1715,1001,4,1002,1710,4
1754,0001,2021-01-15 13:29:45.218,2,1716,1001,4,1002,1711,4
1755,0001,2021-01-15 13:29:46.233,2,1717,1001,2,1002,1712,2
1756,0001,2021-01-15 13:29:47.248,2,1717,1001,1,1002,1712,1
1757,0001,2021-01-15 13:29:48.264,2,1717,1001,1,1002,1712,1
1758,0001,2021-01-15 13:29:49.279,2,1717,1001,1,1002,1712,1
1759,0001,2021-01-15 13:29:50.295,2,1717,1001,1,1002,1712,1
1760,0001,2021-01-15 13:29:51.31,2,1717,1001,1,1002,1712,1
1761,0001,2021-01-15 13:29:52.325,2,1717,1001,1,1002,1712,1
1762,0001,2021-01-15 13:29:53.341,2,1717,1001,1,1002,1712,1
1763,0001,2021-01-15 13:29:54.356,2,1718,1001,0,1002,1713,0
1764,0001,2021-01-15 13:29:55.371,2,1718,1001,0,1002,1713,0
1765,0001,2021-01-15 13:29:56.387,2,1718,1001,0,1002,1713,0
1766,0001,2021-01-15 13:29:57.402,2,1718,1001,2,1002,1713,2
1767,0001,2021-01-15 13:29:58.418,2,1718,1001,3,1002,1713,3
1768,0001,2021-01-15 13:29:59.433,2,1718,1001,4,1002,1713,4
1769,0001,2021-01-15 13:30:00.434,2,1718,1001,6,1002,1713,6
1770,0001,2021-01-15 13:30:01.449,2,1718,1001,6,1002,1713,6
1771,0001,2021-01-15 13:30:02.465,2,1718,1001,6,1002,1713,6
1772,0001,2021-01-15 13:30:03.48,2,1718,1001,6,1002,1713,6
1773,0001,2021-01-15 13:30:04.495,2,1718,1001,6,1002,1713,6
1774,0001,2021-01-15 13:30:05.511,2,1718,1001,6,1002,1713,6
1775,0001,2021-01-15 13:30:06.526,2,1718,1001,6,1002,1713,6
1776,0001,2021-01-15 13:30:07.542,2,1718,1002,5,1003,1713,5
1777,0001,2021-01-15 13:30:08.557,2,1718,1002,7,1003,1713,7
1778,0001,2021-01-15 13:30:09.572,2,1718,1002,5,1003,1713,5
1779,0001,2021-01-15 13:30:10.588,2,1719,1002,3,1003,1714,3
1780,0001,2021-01-15 13:30:11.603,2,1720,1002,2,1003,1715,2
1781,0001,2021-01-15 13:30:12.619,2,1720,1002,2,1003,1715,2
1782,0001,2021-01-15 13:30:13.634,2,1720,1002,2,1003,1715,2
1783,0001,2021-01-15 13:30:14.649,2,1720,1002,2,1003,1715,2
1784,0001,2021-01-15 13:30:15.65,2,1720,1002,2,1003,1715,2
1785,0001,2021-01-15 13:30:16.666,2,1720,1002,2,1003,1715,2
1786,0001,2021-01-15 13:30:17.681,2,1721,1002,1,1003,1716,1
1787,0001,2021-01-15 13:30:18.696,2,1721,1002,1,1003,1716,1
1788,0001,2021-01-15 13:30:19.712,2,1721,1002,1,1003,1716,1
1789,0001,2021-01-15 13:30:20.727,2,1721,1002,1,1003,1716,1
1790,0001,2021-01-15 13:30:21.743,2,1721,1002,1,1003,1716,1
1791,0001,2021-01-15 13:30:22.758,2,1721,1003,0,1004,1716,0
1792,0001,2021-01-15 13:30:23.773,2,1721,1003,0,1004,1716,0
1793,0001,2021-01-15 13:30:24.789,2,1721,1003,0,1004,1716,0
1794,0001,2021-01-15 13:30:25.804,2,1721,1003,0,1004,1716,0
1795,0001,2021-01-15 13:30:26.819,2,1721,1003,1,1004,1716,1
1796,0001,2021-01-15 13:30:27.835,2,1721,1003,1,1004,1716,1
1797,0001,2021-01-15 13:30:28.85,2,1721,1003,2,1004,1716,2
1798,0001,2021-01-15 13:30:29.866,2,1721,1003,2,1004,1716,2
1799,0001,2021-01-15 13:30:30.867,2,1721,1003,2,1004,1716,2
1800,0001,2021-01-15 13:30:31.882,2,1721,1003,2,1004,1716,2
1801,0001,2021-01-15 13:30:32.897,2,1721,1003,2,1004,1716,2
1802,0001,2021-01-15 13:30:33.913,2,1721,1003,2,1004,1716,2
1803,0001,2021-01-15 13:30:34.928,2,1721,1003,2,1004,1716,2
1804,0001,2021-01-15 13:30:35.944,2,1721,1003,2,1004,1716,2
1805,0001,2021-01-15 13:30:36.959,2,1721,1003,2,1004,1716,2
1806,0001,2021-01-15 13:30:37.974,2,1721,1004,1,1005,1716,1
1807,0001,2021-01-15 13:30:38.99,2,1721,1004,2,1005,1716,2
1808,0001,2021-01-15 13:30:40.005,2,1722,1004,1,1005,1717,1
1809,0001,2021-01-15 13:30:41.02,2,1722,1004,1,1005,1717,1
1810,0001,2021-01-15 13:30:42.036,2,1722,1004,1,1005,1717,1
1811,0001,2021-01-15 13:30:43.051,2,1722,1004,1,1005,1717,1
1812,0001,2021-01-15 13:30:44.067,2,1722,1004,1,1005,1717,1
1813,0001,2021-01-15 13:30:45.082,2,1722,1004,1,1005,1717,1
1814,0001,2021-01-15 13:30:46.083,2,1722,1004,3,1005,1717,3
1815,0001,2021-01-15 13:30:47.098,2,1722,1004,3,1005,1717,3
1816,0001,2021-01-15 13:30:48.114,2,1722,1004,4,1005,1717,4
1817,0001,2021-01-15 13:30:49.129,2,1722,1004,6,1005,1717,6
1818,0001,2021-01-15 13:30:50.144,2,1722,1004,6,1005,1717,6
1819,0001,2021-01-15 13:30:51.16,2,1722,1004,5,1005,1717,5
1820,0001,2021-01-15 13:30:52.175,2,1722,1004,4,1005,1717,4
1821,0001,2021-01-15 13:30:53.191,2,1722,1004,4,1005,1717,4
1822,0001,2021-01-15 13:30:54.206,2,1722,1004,5,1005,1717,5
1823,0001,2021-01-15 13:30:55.222,2,1722,1006,3,1007,1717,3
1824,0001,2021-01-15 13:30:56.237,2,1722,1006,3,1007,1717,3
1825,0001,2021-01-15 13:30:57.252,2,1722,1007,1,1008,1717,1
1826,0001,2021-01-15 13:30:58.267,2,1722,1008,0,1009,1717,0
1827,0001,2021-01-15 13:30:59.283,2,1722,1008,0,1009,1717,0
1828,0001,2021-01-15 13:31:00.288,2,1722,1008,0,1009,1717,0
1829,0001,2021-01-15 13:31:01.288,2,1722,1008,0,1009,1717,0
1830,0001,2021-01-15 13:31:02.303,2,1722,1008,0,1009,1717,0
1831,0001,2021-01-15 13:31:03.318,2,1722,1008,0,1009,1717,0
1832,0001,2021-01-15 13:31:04.334,2,1722,1008,0,1009,1717,0
1833,0001,2021-01-15 13:31:05.349,2,1722,1008,0,1009,1717,0
1834,0001,2021-01-15 13:31:06.364,2,1722,1008,0,1009,1717,0
1835,0001,2021-01-15 13:31:07.38,2,1722,1008,0,1009,1717,0
1836,0001,2021-01-15 13:31:08.395,2,1722,1008,0,1009,1717,0
1837,0001,2021-01-15 13:31:09.411,2,1722,1008,0,1009,1717,0
1838,0001,2021-01-15 13:31:10.426,2,1722,1008,0,1009,1717,0
1839,0001,2021-01-15 13:31:11.441,2,1722,1008,0,1009,1717,0
1840,0001,2021-01-15 13:31:12.457,2,1722,1008,1,1009,1717,1
1841,0001,2021-01-15 13:31:13.472,2,1722,1008,3,1009,1717,3
1842,0001,2021-01-15 13:31:14.487,2,1722,1008,3,1009,1717,3
1843,0001,2021-01-15 13:31:15.488,2,1722,1008,3,1009,1717,3
1844,0001,2021-01-15 13:31:16.504,2,1722,1008,3,1009,1717,3
1845,0001,2021-01-15 13:31:17.52,2,1722,1008,3,1009,1717,3
1846,0001,2021-01-15 13:31:18.535,2,1722,1008,3,1009,1717,3
1847,0001,2021-01-15 13:31:19.55,2,1722,1008,3,1009,1717,3
1848,0001,2021-01-15 13:31:20.565,2,1722,1008,4,1009,1717,4
1849,0001,2021-01-15 13:31:21.581,2,1722,1008,5,1009,1717,5
1850,0001,2021-01-15 13:31:22.596,2,1722,1008,6,1009,1717,6
1851,0001,2021-01-15 13:31:23.612,2,1723,1008,5,1009,1718,5
1852,0001,2021-01-15 13:31:24.627,2,1723,1010,3,1011,1718,3
1853,0001,2021-01-15 13:31:25.642,2,1723,1010,3,1011,1718,3
1854,0001,2021-01-15 13:31:26.658,2,1723,1010,3,1011,1718,3
1855,0001,2021-01-15 13:31:27.673,2,1723,1010,3,1011,1718,3
1856,0001,2021-01-15 13:31:28.689,2,1723,1010,3,1011,1718,3
1857,0001,2021-01-15 13:31:29.704,2,1723,1010,3,1011,1718,3
1858,0001,2021-01-15 13:31:30.705,2,1723,1010,3,1011,1718,3
1859,0001,2021-01-15 13:31:31.72,2,1723,1010,3,1011,1718,3
1860,0001,2021-01-15 13:31:32.736,2,1723,1010,3,1011,1718,3
1861,0001,2021-01-15 13:31:33.751,2,1723,1010,2,1011,1718,2
1862,0001,2021-01-15 13:31:34.766,2,1723,1010,2,1011,1718,2
1863,0001,2021-01-15 13:31:35.782,2,1723,1010,2,1011,1718,2
1864,0001,2021-01-15 13:31:36.797,2,1724,1010,0,1011,1719,0
1865,0001,2021-01-15 13:31:37.813,2,1724,1010,1,1011,1719,1
1866,0001,2021-01-15 13:31:38.828,2,1724,1010,1,1011,1719,1
1867,0001,2021-01-15 13:31:39.843,2,1724,1010,1,1011,1719,1
1868,0001,2021-01-15 13:31:40.859,2,1724,1010,1,1011,1719,1
1869,0001,2021-01-15 13:31:41.874,2,1724,1010,1,1011,1719,1
1870,0001,2021-01-15 13:31:42.89,2,1724,1010,1,1011,1719,1
1871,0001,2021-01-15 13:31:43.905,2,1724,1010,1,1011,1719,1
1872,0001,2021-01-15 13:31:44.92,2,1724,1010,2,1011,1719,2
1873,0001,2021-01-15 13:31:45.921,2,1724,1010,2,1011,1719,2
1874,0001,2021-01-15 13:31:46.937,2,1724,1010,2,1011,1719,2
1875,0001,2021-01-15 13:31:47.952,2,1724,1010,3,1011,1719,3
1876,0001,2021-01-15 13:31:48.967,2,1724,1010,3,1011,1719,3
1877,0001,2021-01-15 13:31:49.983,2,1724,1010,3,1011,1719,3
1878,0001,2021-01-15 13:31:50.998,2,1724,1010,3,1011,1719,3
1879,0001,2021-01-15 13:31:52.013,2,1724,1011,2,1012,1719,2
1880,0001,2021-01-15 13:31:53.029,2,1724,1011,2,1012,1719,2
1881,0001,2021-01-15 13:31:54.044,2,1725,1011,1,1012,1720,1
1882,0001,2021-01-15 13:31:55.06,2,1725,1011,1,1012,1720,1
1883,0001,2021-01-15 13:31:56.075,2,1725,1011,1,1012,1720,1
1884,0001,2021-01-15 13:31:57.09,2,1725,1011,1,1012,1720,1
1885,0001,2021-01-15 13:31:58.106,2,1725,1011,1,1012,1720,1
1886,0001,2021-01-15 13:31:59.121,2,1725,1011,1,1012,1720,1
1887,0001,2021-01-15 13:32:00.137,2,1725,1011,1,1012,1720,1
1888,0001,2021-01-15 13:32:01.138,2,1725,1011,0,1012,1720,0
1889,0001,2021-01-15 13:32:02.153,2,1725,1011,0,1012,1720,0
1890,0001,2021-01-15 13:32:03.169,2,1725,1011,0,1012,1720,0
1891,0001,2021-01-15 13:32:04.184,2,1725,1011,0,1012,1720,0
1892,0001,2021-01-15 13:32:05.199,2,1725,1011,0,1012,1720,0
1893,0001,2021-01-15 13:32:06.214,2,1725,1011,0,1012,1720,0
1894,0001,2021-01-15 13:32:07.23,2,1725,1011,0,1012,1720,0
1895,0001,2021-01-15 13:32:08.245,2,1725,1011,1,1012,1720,1
1896,0001,2021-01-15 13:32:09.261,2,1725,1011,1,1012,1720,1
1897,0001,2021-01-15 13:32:10.276,2,1725,1011,1,1012,1720,1
1898,0001,2021-01-15 13:32:11.291,2,1725,1011,1,1012,1720,1
1899,0001,2021-01-15 13:32:12.307,2,1725,1011,1,1012,1720,1
1900,0001,2021-01-15 13:32:13.322,2,1725,1011,1,1012,1720,1
1901,0001,2021-01-15 13:32:14.338,2,1725,1011,1,1012,1720,1
1902,0001,2021-01-15 13:32:15.338,2,1725,1011,1,1012,1720,1
1903,0001,2021-01-15 13:32:16.354,2,1725,1011,1,1012,1720,1
1904,0001,2021-01-15 13:32:17.369,2,1725,1011,1,1012,1720,1
1905,0001,2021-01-15 13:32:18.385,2,1725,1011,1,1012,1720,1
1906,0001,2021-01-15 13:32:19.4,2,1725,1011,0,1012,1720,0
1907,0001,2021-01-15 13:32:20.415,2,1725,1011,0,1012,1720,0
1908,0001,2021-01-15 13:32:21.431,2,1725,1011,0,1012,1720,0
1909,0001,2021-01-15 13:32:22.446,2,1725,1011,0,1012,1720,0
1910,0001,2021-01-15 13:32:23.462,2,1725,1011,0,1012,1720,0
1911,0001,2021-01-15 13:32:24.477,2,1725,1011,0,1012,1720,0
1912,0001,2021-01-15 13:32:25.492,2,1725,1011,0,1012,1720,0
1913,0001,2021-01-15 13:32:26.508,2,1725,1011,0,1012,1720,0
1914,0001,2021-01-15 13:32:27.523,2,1725,1011,1,1012,1720,1
1915,0001,2021-01-15 13:32:28.538,2,1725,1011,1,1012,1720,1
1916,0001,2021-01-15 13:32:29.554,2,1725,1011,1,1012,1720,1
1917,0001,2021-01-15 13:32:30.555,2,1725,1011,1,1012,1720,1
1918,0001,2021-01-15 13:32:31.57,2,1725,1011,1,1012,1720,1
1919,0001,2021-01-15 13:32:32.586,2,1725,1011,2,1012,1720,2
1920,0001,2021-01-15 13:32:33.601,2,1725,1011,2,1012,1720,2
1921,0001,2021-01-15 13:32:34.616,2,1725,1011,2,1012,1720,2
1922,0001,2021-01-15 13:32:35.632,2,1725,1011,2,1012,1720,2
1923,0001,2021-01-15 13:32:36.647,2,1725,1012,1,1013,1720,1
1924,0001,2021-01-15 13:32:37.663,2,1725,1012,1,1013,1720,1
1925,0001,2021-01-15 13:32:38.678,2,1725,1012,1,1013,1720,1
1926,0001,2021-01-15 13:32:39.693,2,1725,1012,1,1013,1720,1
1927,0001,2021-01-15 13:32:40.709,2,1725,1012,1,1013,1720,1
1928,0001,2021-01-15 13:32:41.724,2,1726,1012,0,1013,1721,0
1929,0001,2021-01-15 13:32:42.739,2,1726,1012,1,1013,1721,1
1930,0001,2021-01-15 13:32:43.755,2,1726,1012,1,1013,1721,1
1931,0001,2021-01-15 13:32:44.77,2,1726,1012,1,1013,1721,1
1932,0001,2021-01-15 13:32:45.771,2,1726,1012,1,1013,1721,1
1933,0001,2021-01-15 13:32:46.786,2,1726,1012,1,1013,1721,1
1934,0001,2021-01-15 13:32:47.802,2,1726,1012,1,1013,1721,1
1935,0001,2021-01-15 13:32:48.817,2,1726,1012,1,1013,1721,1
1936,0001,2021-01-15 13:32:49.833,2,1726,1012,1,1013,1721,1
1937,0001,2021-01-15 13:32:50.848,2,1726,1012,1,1013,1721,1
1938,0001,2021-01-15 13:32:51.863,2,1726,1012,1,1013,1721,1
1939,0001,2021-01-15 13:32:52.879,2,1726,1012,1,1013,1721,1
1940,0001,2021-01-15 13:32:53.894,2,1726,1012,1,1013,1721,1
1941,0001,2021-01-15 13:32:54.91,2,1726,1012,1,1013,1721,1
1942,0001,2021-01-15 13:32:55.925,2,1726,1012,0,1013,1721,0
1943,0001,2021-01-15 13:32:56.941,2,1726,1012,0,1013,1721,0
1944,0001,2021-01-15 13:32:57.956,2,1726,1012,0,1013,1721,0
1945,0001,2021-01-15 13:32:58.971,2,1726,1012,0,1013,1721,0
1946,0001,2021-01-15 13:32:59.986,2,1726,1012,0,1013,1721,0
1947,0001,2021-01-15 13:33:00.987,2,1726,1012,0,1013,1721,0
1948,0001,2021-01-15 13:33:02.003,2,1726,1012,1,1013,1721,1
1949,0001,2021-01-15 13:33:03.018,2,1726,1012,1,1013,1721,1
1950,0001,2021-01-15 13:33:04.034,2,1726,1012,1,1013,1721,1
1951,0001,2021-01-15 13:33:05.049,2,1726,1012,1,1013,1721,1
1952,0001,2021-01-15 13:33:06.064,2,1726,1012,1,1013,1721,1
1953,0001,2021-01-15 13:33:07.08,2,1726,1012,1,1013,1721,1
1954,0001,2021-01-15 13:33:08.095,2,1726,1012,1,1013,1721,1
1955,0001,2021-01-15 13:33:09.11,2,1726,1012,1,1013,1721,1
1956,0001,2021-01-15 13:33:10.126,2,1726,1012,1,1013,1721,1
1957,0001,2021-01-15 13:33:11.141,2,1726,1012,1,1013,1721,1
1958,0001,2021-01-15 13:33:12.157,2,1726,1013,0,1014,1721,0
1959,0001,2021-01-15 13:33:13.172,2,1726,1013,0,1014,1721,0
1960,0001,2021-01-15 13:33:14.187,2,1726,1013,0,1014,1721,0
1961,0001,2021-01-15 13:33:15.192,2,1726,1013,0,1014,1721,0
1962,0001,2021-01-15 13:33:16.208,2,1726,1013,0,1014,1721,0
1963,0001,2021-01-15 13:33:17.223,2,1726,1013,0,1014,1721,0
1964,0001,2021-01-15 13:33:18.238,2,1726,1013,0,1014,1721,0
1965,0001,2021-01-15 13:33:19.254,2,1726,1013,0,1014,1721,0
1966,0001,2021-01-15 13:33:20.269,2,1726,1013,1,1014,1721,1
1967,0001,2021-01-15 13:33:21.285,2,1726,1013,1,1014,1721,1
1968,0001,2021-01-15 13:33:22.3,2,1726,1013,1,1014,1721,1
1969,0001,2021-01-15 13:33:23.316,2,1726,1013,1,1014,1721,1
1970,0001,2021-01-15 13:33:24.331,2,1726,1013,1,1014,1721,1
1971,0001,2021-01-15 13:33:25.346,2,1726,1013,1,1014,1721,1
1972,0001,2021-01-15 13:33:26.362,2,1726,1013,1,1014,1721,1
1973,0001,2021-01-15 13:33:27.377,2,1726,1013,2,1014,1721,2
1974,0001,2021-01-15 13:33:28.392,2,1726,1013,2,1014,1721,2
1975,0001,2021-01-15 13:33:29.408,2,1726,1013,2,1014,1721,2
1976,0001,2021-01-15 13:33:30.409,2,1726,1014,1,1015,1721,1
1977,0001,2021-01-15 13:33:31.424,2,1726,1014,1,1015,1721,1
1978,0001,2021-01-15 13:33:32.44,2,1726,1014,2,1015,1721,2
1979,0001,2021-01-15 13:33:33.455,2,1726,1014,2,1015,1721,2
1980,0001,2021-01-15 13:33:34.47,2,1726,1014,2,1015,1721,2
1981,0001,2021-01-15 13:33:35.486,2,1726,1014,2,1015,1721,2
1982,0001,2021-01-15 13:33:36.501,2,1726,1014,3,1015,1721,3
1983,0001,2021-01-15 13:33:37.516,2,1726,1014,3,1015,1721,3
1984,0001,2021-01-15 13:33:38.532,2,1727,1014,2,1015,1722,2
1985,0001,2021-01-15 13:33:39.547,2,1727,1014,2,1015,1722,2
1986,0001,2021-01-15 13:33:40.563,2,1727,1014,3,1015,1722,3
1987,0001,2021-01-15 13:33:41.578,2,1727,1014,4,1015,1722,4
1988,0001,2021-01-15 13:33:42.594,2,1727,1014,7,1015,1722,7
1989,0001,2021-01-15 13:33:43.609,2,1727,1014,6,1015,1722,6
1990,0001,2021-01-15 13:33:44.624,2,1727,1015,7,1016,1722,7
1991,0001,2021-01-15 13:33:45.625,2,1727,1015,8,1016,1722,8
1992,0001,2021-01-15 13:33:46.641,2,1727,1016,7,1017,1722,7
1993,0001,2021-01-15 13:33:47.656,2,1727,1016,7,1017,1722,7
1994,0001,2021-01-15 13:33:48.672,2,1727,1016,6,1017,1722,6
1995,0001,2021-01-15 13:33:49.687,2,1727,1016,6,1017,1722,6
1996,0001,2021-01-15 13:33:50.702,2,1727,1016,6,1017,1722,6
1997,0001,2021-01-15 13:33:51.718,2,1727,1016,7,1017,1722,7
1998,0001,2021-01-15 13:33:52.733,2,1728,1016,6,1017,1723,6
1999,0001,2021-01-15 13:33:53.748,2,1729,1016,5,1017,1724,5
2000,0001,2021-01-15 13:33:54.764,2,1731,1016,2,1017,1726,2
2001,0001,2021-01-15 13:33:55.779,2,1731,1016,2,1017,1726,2
2002,0001,2021-01-15 13:33:56.795,2,1731,1016,1,1017,1726,1
2003,0001,2021-01-15 13:33:57.81,2,1731,1016,1,1017,1726,1
2004,0001,2021-01-15 13:33:58.826,2,1731,1016,1,1017,1726,1
2005,0001,2021-01-15 13:33:59.841,2,1731,1017,0,1018,1726,0
2006,0001,2021-01-15 13:34:00.842,2,1731,1017,0,1018,1726,0
2007,0001,2021-01-15 13:34:01.858,2,1731,1017,0,1018,1726,0
2008,0001,2021-01-15 13:34:02.873,2,1731,1017,1,1018,1726,1
2009,0001,2021-01-15 13:34:03.888,2,1731,1017,1,1018,1726,1
2010,0001,2021-01-15 13:34:04.904,2,1731,1017,1,1018,1726,1
2011,0001,2021-01-15 13:34:05.916,2,1731,1017,1,1018,1726,1
2012,0001,2021-01-15 13:34:06.931,2,1731,1017,1,1018,1726,1
2013,0001,2021-01-15 13:34:07.946,2,1731,1017,1,1018,1726,1
2014,0001,2021-01-15 13:34:08.962,2,1731,1017,1,1018,1726,1
2015,0001,2021-01-15 13:34:09.977,2,1731,1017,1,1018,1726,1
2016,0001,2021-01-15 13:34:10.993,2,1731,1017,1,1018,1726,1
2017,0001,2021-01-15 13:34:12.008,2,1731,1018,1,1019,1726,1
2018,0001,2021-01-15 13:34:13.023,2,1731,1018,1,1019,1726,1
2019,0001,2021-01-15 13:34:14.039,2,1731,1018,1,1019,1726,1
2020,0001,2021-01-15 13:34:15.054,2,1731,1018,2,1019,1726,2
2021,0001,2021-01-15 13:34:16.056,2,1731,1018,2,1019,1726,2
2022,0001,2021-01-15 13:34:17.071,2,1731,1018,2,1019,1726,2
2023,0001,2021-01-15 13:34:18.086,2,1731,1018,2,1019,1726,2
2024,0001,2021-01-15 13:34:19.101,2,1731,1018,3,1019,1726,3
2025,0001,2021-01-15 13:34:20.117,2,1731,1018,5,1019,1726,5
2026,0001,2021-01-15 13:34:21.132,2,1731,1019,5,1020,1726,5
2027,0001,2021-01-15 13:34:22.148,2,1731,1019,5,1020,1726,5
2028,0001,2021-01-15 13:34:23.163,2,1731,1019,5,1020,1726,5
2029,0001,2021-01-15 13:34:24.178,2,1731,1019,5,1020,1726,5
2030,0001,2021-01-15 13:34:25.194,2,1731,1019,6,1020,1726,6
2031,0001,2021-01-15 13:34:26.209,2,1732,1019,5,1020,1727,5
2032,0001,2021-01-15 13:34:27.225,2,1732,1019,4,1020,1727,4
2033,0001,2021-01-15 13:34:28.24,2,1732,1019,4,1020,1727,4
2034,0001,2021-01-15 13:34:29.255,2,1733,1020,2,1021,1728,2
2035,0001,2021-01-15 13:34:30.256,2,1733,1021,0,1022,1728,0
2036,0001,2021-01-15 13:34:31.271,2,1733,1021,0,1022,1728,0
2037,0001,2021-01-15 13:34:32.287,2,1733,1021,0,1022,1728,0
2038,0001,2021-01-15 13:34:33.302,2,1733,1021,0,1022,1728,0
2039,0001,2021-01-15 13:34:34.318,2,1733,1021,0,1022,1728,0
2040,0001,2021-01-15 13:34:35.333,2,1733,1021,0,1022,1728,0
2041,0001,2021-01-15 13:34:36.348,2,1733,1021,0,1022,1728,0
2042,0001,2021-01-15 13:34:37.364,2,1733,1021,0,1022,1728,0
2043,0001,2021-01-15 13:34:38.38,2,1733,1021,0,1022,1728,0
2044,0001,2021-01-15 13:34:39.395,2,1733,1021,0,1022,1728,0
2045,0001,2021-01-15 13:34:40.41,2,1733,1021,0,1022,1728,0
2046,0001,2021-01-15 13:34:41.425,2,1733,1021,0,1022,1728,0
2047,0001,2021-01-15 13:34:42.441,2,1733,1021,0,1022,1728,0
2048,0001,2021-01-15 13:34:43.456,2,1733,1021,0,1022,1728,0
2049,0001,2021-01-15 13:34:44.472,2,1733,1021,0,1022,1728,0
2050,0001,2021-01-15 13:34:45.473,2,1733,1021,0,1022,1728,0
2051,0001,2021-01-15 13:34:46.488,2,1733,1021,0,1022,1728,0
2052,0001,2021-01-15 13:34:47.504,2,1733,1021,0,1022,1728,0
2053,0001,2021-01-15 13:34:48.519,2,1733,1021,0,1022,1728,0
2054,0001,2021-01-15 13:34:49.534,2,1733,1021,0,1022,1728,0
2055,0001,2021-01-15 13:34:50.55,2,1733,1021,2,1022,1728,2
2056,0001,2021-01-15 13:34:51.565,2,1733,1021,2,1022,1728,2
2057,0001,2021-01-15 13:34:52.58,2,1733,1021,3,1022,1728,3
2058,0001,2021-01-15 13:34:53.596,2,1733,1021,3,1022,1728,3
2059,0001,2021-01-15 13:34:54.611,2,1733,1021,4,1022,1728,4
2060,0001,2021-01-15 13:34:55.627,2,1733,1021,4,1022,1728,4
2061,0001,2021-01-15 13:34:56.642,2,1733,1021,4,1022,1728,4
2062,0001,2021-01-15 13:34:57.657,2,1733,1021,4,1022,1728,4
2063,0001,2021-01-15 13:34:58.673,2,1733,1021,4,1022,1728,4
2064,0001,2021-01-15 13:34:59.688,2,1733,1022,3,1023,1728,3
2065,0001,2021-01-15 13:35:00.69,2,1734,1022,2,1023,1729,2
2066,0001,2021-01-15 13:35:01.705,2,1734,1022,3,1023,1729,3
2067,0001,2021-01-15 13:35:02.72,2,1735,1022,2,1023,1730,2
2068,0001,2021-01-15 13:35:03.736,2,1735,1022,2,1023,1730,2
2069,0001,2021-01-15 13:35:04.751,2,1735,1022,2,1023,1730,2
2070,0001,2021-01-15 13:35:05.767,2,1736,1022,1,1023,1731,1
2071,0001,2021-01-15 13:35:06.782,2,1736,1022,1,1023,1731,1
2072,0001,2021-01-15 13:35:07.797,2,1736,1022,2,1023,1731,2
2073,0001,2021-01-15 13:35:08.813,2,1736,1022,2,1023,1731,2
2074,0001,2021-01-15 13:35:09.828,2,1736,1022,3,1023,1731,3
2075,0001,2021-01-15 13:35:10.844,2,1736,1022,3,1023,1731,3
2076,0001,2021-01-15 13:35:11.859,2,1736,1023,2,1024,1731,2
2077,0001,2021-01-15 13:35:12.874,2,1736,1023,2,1024,1731,2
2078,0001,2021-01-15 13:35:13.89,2,1736,1023,2,1024,1731,2
2079,0001,2021-01-15 13:35:14.905,2,1736,1023,2,1024,1731,2
2080,0001,2021-01-15 13:35:15.906,2,1736,1023,2,1024,1731,2
2081,0001,2021-01-15 13:35:16.922,2,1736,1023,2,1024,1731,2
2082,0001,2021-01-15 13:35:17.937,2,1736,1023,2,1024,1731,2
2083,0001,2021-01-15 13:35:18.952,2,1736,1023,2,1024,1731,2
2084,0001,2021-01-15 13:35:19.967,2,1737,1024,0,1025,1732,0
2085,0001,2021-01-15 13:35:20.983,2,1737,1024,0,1025,1732,0
2086,0001,2021-01-15 13:35:21.998,2,1737,1024,0,1025,1732,0
2087,0001,2021-01-15 13:35:23.014,2,1737,1024,0,1025,1732,0
2088,0001,2021-01-15 13:35:24.029,2,1737,1024,0,1025,1732,0
2089,0001,2021-01-15 13:35:25.044,2,1737,1024,0,1025,1732,0
2090,0001,2021-01-15 13:35:26.06,2,1737,1024,1,1025,1732,1
2091,0001,2021-01-15 13:35:27.075,2,1737,1024,1,1025,1732,1
2092,0001,2021-01-15 13:35:28.091,2,1737,1024,1,1025,1732,1
2093,0001,2021-01-15 13:35:29.106,2,1737,1024,1,1025,1732,1
2094,0001,2021-01-15 13:35:30.121,2,1737,1024,1,1025,1732,1
2095,0001,2021-01-15 13:35:32.141,1,1737,1024,2,1025,1732,2
2096,0001,2021-01-15 13:35:33.157,1,1737,1024,3,1025,1732,3
2097,0001,2021-01-15 13:35:34.173,1,1737,1024,3,1025,1732,3
2098,0001,2021-01-15 13:35:35.188,1,1737,1024,2,1025,1732,2
2099,0001,2021-01-15 13:35:36.203,1,1737,1024,2,1025,1732,2
2100,0001,2021-01-15 13:35:37.218,1,1737,1024,1,1025,1732,1
2101,0001,2021-01-15 13:35:38.234,2,1737,1024,3,1025,1732,3
2102,0001,2021-01-15 13:35:39.249,2,1737,1024,3,1025,1732,3
2103,0001,2021-01-15 13:35:40.265,2,1737,1024,3,1025,1732,3
2104,0001,2021-01-15 13:35:41.28,2,1737,1024,2,1025,1732,2
2105,0001,2021-01-15 13:35:42.295,2,1737,1024,2,1025,1732,2
2106,0001,2021-01-15 13:35:43.311,2,1738,1024,1,1025,1733,1
2107,0001,2021-01-15 13:35:44.326,2,1738,1024,1,1025,1733,1
2108,0001,2021-01-15 13:35:45.327,2,1738,1024,1,1025,1733,1
2109,0001,2021-01-15 13:35:46.343,2,1738,1024,1,1025,1733,1
2110,0001,2021-01-15 13:35:47.358,2,1738,1024,1,1025,1733,1
2111,0001,2021-01-15 13:35:48.373,2,1738,1024,1,1025,1733,1
2112,0001,2021-01-15 13:35:49.374,2,1739,1024,0,1025,1734,0
2113,0001,2021-01-15 13:35:50.389,2,1739,1024,0,1025,1734,0
2114,0001,2021-01-15 13:35:51.404,2,1739,1024,0,1025,1734,0
2115,0001,2021-01-15 13:35:52.419,2,1739,1024,0,1025,1734,0
2116,0001,2021-01-15 13:35:53.435,2,1739,1024,0,1025,1734,0
2117,0001,2021-01-15 13:35:54.45,2,1739,1024,0,1025,1734,0
2118,0001,2021-01-15 13:35:55.466,2,1739,1024,0,1025,1734,0
2119,0001,2021-01-15 13:35:56.481,2,1739,1024,0,1025,1734,0
2120,0001,2021-01-15 13:35:57.497,2,1739,1024,0,1025,1734,0
2121,0001,2021-01-15 13:35:58.512,2,1739,1024,0,1025,1734,0
2122,0001,2021-01-15 13:35:59.527,2,1739,1024,0,1025,1734,0
2123,0001,2021-01-15 13:36:00.528,2,1739,1024,0,1025,1734,0
2124,0001,2021-01-15 13:36:01.544,2,1739,1024,0,1025,1734,0
2125,0001,2021-01-15 13:36:02.559,2,1739,1024,0,1025,1734,0
2126,0001,2021-01-15 13:36:03.574,2,1739,1024,0,1025,1734,0
2127,0001,2021-01-15 13:36:04.59,2,1739,1024,0,1025,1734,0
2128,0001,2021-01-15 13:36:05.605,2,1739,1024,0,1025,1734,0
2129,0001,2021-01-15 13:36:06.621,2,1739,1024,0,1025,1734,0
2130,0001,2021-01-15 13:36:07.636,2,1739,1024,0,1025,1734,0
2131,0001,2021-01-15 13:36:08.651,2,1739,1024,0,1025,1734,0
2132,0001,2021-01-15 13:36:09.666,2,1739,1024,0,1025,1734,0
2133,0001,2021-01-15 13:36:10.682,2,1739,1024,0,1025,1734,0
2134,0001,2021-01-15 13:36:11.698,2,1739,1024,0,1025,1734,0
2135,0001,2021-01-15 13:36:12.713,2,1739,1024,0,1025,1734,0
2136,0001,2021-01-15 13:36:13.728,2,1739,1024,0,1025,1734,0
2137,0001,2021-01-15 13:36:14.743,2,1739,1024,1,1025,1734,1
2138,0001,2021-01-15 13:36:15.745,2,1739,1024,1,1025,1734,1
2139,0001,2021-01-15 13:36:16.76,2,1739,1024,1,1025,1734,1
2140,0001,2021-01-15 13:36:17.775,2,1739,1024,1,1025,1734,1
2141,0001,2021-01-15 13:36:18.79,2,1739,1024,1,1025,1734,1
2142,0001,2021-01-15 13:36:19.806,2,1739,1024,1,1025,1734,1
2143,0001,2021-01-15 13:36:20.822,2,1739,1024,1,1025,1734,1
2144,0001,2021-01-15 13:36:21.837,2,1739,1024,2,1025,1734,2
2145,0001,2021-01-15 13:36:22.852,2,1739,1024,2,1025,1734,2
2146,0001,2021-01-15 13:36:23.867,2,1739,1024,2,1025,1734,2
2147,0001,2021-01-15 13:36:24.883,2,1740,1024,1,1025,1735,1
2148,0001,2021-01-15 13:36:25.898,2,1740,1024,1,1025,1735,1
2149,0001,2021-01-15 13:36:26.914,2,1740,1024,1,1025,1735,1
2150,0001,2021-01-15 13:36:27.929,2,1740,1024,1,1025,1735,1
2151,0001,2021-01-15 13:36:28.945,2,1740,1024,1,1025,1735,1
2152,0001,2021-01-15 13:36:29.96,2,1741,1024,0,1025,1736,0
2153,0001,2021-01-15 13:36:30.961,2,1741,1024,0,1025,1736,0
2154,0001,2021-01-15 13:36:31.976,2,1741,1024,0,1025,1736,0
2155,0001,2021-01-15 13:36:32.992,2,1741,1024,0,1025,1736,0
2156,0001,2021-01-15 13:36:34.007,2,1741,1024,0,1025,1736,0
2157,0001,2021-01-15 13:36:35.022,2,1741,1024,0,1025,1736,0
2158,0001,2021-01-15 13:36:36.038,2,1741,1024,0,1025,1736,0
2159,0001,2021-01-15 13:36:37.053,2,1741,1024,0,1025,1736,0
2160,0001,2021-01-15 13:36:38.068,2,1741,1024,0,1025,1736,0
2161,0001,2021-01-15 13:36:39.084,2,1741,1024,0,1025,1736,0
2162,0001,2021-01-15 13:36:40.099,2,1741,1024,0,1025,1736,0
2163,0001,2021-01-15 13:36:41.115,2,1741,1024,0,1025,1736,0
2164,0001,2021-01-15 13:36:42.13,2,1741,1024,0,1025,1736,0
2165,0001,2021-01-15 13:36:43.145,2,1741,1024,0,1025,1736,0
2166,0001,2021-01-15 13:36:44.161,2,1741,1024,1,1025,1736,1
2167,0001,2021-01-15 13:36:45.177,2,1741,1024,1,1025,1736,1
2168,0001,2021-01-15 13:36:46.192,2,1741,1024,1,1025,1736,1
2169,0001,2021-01-15 13:36:47.208,2,1741,1024,1,1025,1736,1
2170,0001,2021-01-15 13:36:48.223,2,1741,1024,3,1025,1736,3
2171,0001,2021-01-15 13:36:49.239,2,1741,1024,5,1025,1736,5
2172,0001,2021-01-15 13:36:50.254,2,1741,1024,5,1025,1736,5
2173,0001,2021-01-15 13:36:51.269,2,1741,1024,5,1025,1736,5
2174,0001,2021-01-15 13:36:52.285,2,1742,1024,4,1025,1737,4
2175,0001,2021-01-15 13:36:53.3,2,1742,1024,4,1025,1737,4
2176,0001,2021-01-15 13:36:54.316,2,1742,1024,4,1025,1737,4
2177,0001,2021-01-15 13:36:55.331,2,1742,1024,4,1025,1737,4
2178,0001,2021-01-15 13:36:56.346,2,1742,1024,4,1025,1737,4
2179,0001,2021-01-15 13:36:57.362,2,1742,1024,4,1025,1737,4
2180,0001,2021-01-15 13:36:58.377,2,1742,1024,4,1025,1737,4
2181,0001,2021-01-15 13:36:59.393,2,1743,1024,3,1025,1738,3
2182,0001,2021-01-15 13:37:00.394,2,1743,1026,1,1027,1738,1
2183,0001,2021-01-15 13:37:01.409,2,1743,1026,1,1027,1738,1
2184,0001,2021-01-15 13:37:02.425,2,1743,1026,1,1027,1738,1
2185,0001,2021-01-15 13:37:03.44,2,1743,1026,1,1027,1738,1
2186,0001,2021-01-15 13:37:04.455,2,1743,1026,1,1027,1738,1
2187,0001,2021-01-15 13:37:05.456,2,1744,1026,0,1027,1739,0
2188,0001,2021-01-15 13:37:06.471,2,1744,1026,0,1027,1739,0
2189,0001,2021-01-15 13:37:07.486,2,1744,1026,0,1027,1739,0
2190,0001,2021-01-15 13:37:08.501,2,1744,1026,0,1027,1739,0
2191,0001,2021-01-15 13:37:09.517,2,1744,1026,0,1027,1739,0
2192,0001,2021-01-15 13:37:10.532,2,1744,1026,0,1027,1739,0
2193,0001,2021-01-15 13:37:12.563,1,1744,1026,0,1027,1739,0
2194,0001,2021-01-15 13:37:13.579,1,1744,1026,0,1027,1739,0
2195,0001,2021-01-15 13:37:14.594,1,1744,1026,0,1027,1739,0
2196,0001,2021-01-15 13:37:15.596,1,1744,1026,0,1027,1739,0
2197,0001,2021-01-15 13:37:16.596,1,1744,1026,0,1027,1739,0
2198,0001,2021-01-15 13:37:17.604,1,1744,1026,0,1027,1739,0
2199,0001,2021-01-15 13:37:18.619,2,1744,1026,0,1027,1739,0
2200,0001,2021-01-15 13:37:19.62,2,1744,1026,0,1027,1739,0
2201,0001,2021-01-15 13:37:20.621,2,1744,1026,0,1027,1739,0
2202,0001,2021-01-15 13:37:21.622,2,1744,1026,0,1027,1739,0
2203,0001,2021-01-15 13:37:22.638,2,1744,1026,0,1027,1739,0
2204,0001,2021-01-15 13:37:23.653,2,1744,1026,0,1027,1739,0
2205,0001,2021-01-15 13:37:24.669,2,1744,1026,0,1027,1739,0
2206,0001,2021-01-15 13:37:25.67,2,1744,1026,0,1027,1739,0
2207,0001,2021-01-15 13:37:26.685,2,1744,1026,0,1027,1739,0
2208,0001,2021-01-15 13:37:27.701,2,1744,1026,0,1027,1739,0
2209,0001,2021-01-15 13:37:28.716,2,1744,1026,0,1027,1739,0
2210,0001,2021-01-15 13:37:29.731,2,1744,1026,0,1027,1739,0
2211,0001,2021-01-15 13:37:30.74,2,1744,1026,0,1027,1739,0
2212,0001,2021-01-15 13:37:31.756,2,1744,1026,0,1027,1739,0
2213,0001,2021-01-15 13:37:32.771,2,1744,1026,0,1027,1739,0
2214,0001,2021-01-15 13:37:33.787,2,1744,1026,0,1027,1739,0
2215,0001,2021-01-15 13:37:34.802,2,1744,1026,0,1027,1739,0
2216,0001,2021-01-15 13:37:35.817,2,1744,1026,0,1027,1739,0
2217,0001,2021-01-15 13:37:36.833,2,1744,1026,0,1027,1739,0
2218,0001,2021-01-15 13:37:37.848,2,1744,1026,0,1027,1739,0
2219,0001,2021-01-15 13:37:38.864,2,1744,1026,0,1027,1739,0
2220,0001,2021-01-15 13:37:39.879,2,1744,1026,0,1027,1739,0
2221,0001,2021-01-15 13:37:40.894,2,1744,1026,0,1027,1739,0
2222,0001,2021-01-15 13:37:41.91,2,1744,1026,0,1027,1739,0
2223,0001,2021-01-15 13:37:42.925,2,1744,1026,0,1027,1739,0
2224,0001,2021-01-15 13:37:43.941,2,1744,1026,0,1027,1739,0
2225,0001,2021-01-15 13:37:44.956,2,1744,1026,0,1027,1739,0
2226,0001,2021-01-15 13:37:45.957,2,1744,1026,0,1027,1739,0
2227,0001,2021-01-15 13:37:46.972,2,1744,1026,0,1027,1739,0
2228,0001,2021-01-15 13:37:47.988,2,1744,1026,1,1027,1739,1
2229,0001,2021-01-15 13:37:49.003,2,1744,1026,1,1027,1739,1
2230,0001,2021-01-15 13:37:50.018,2,1744,1026,1,1027,1739,1
2231,0001,2021-01-15 13:37:51.034,2,1744,1026,1,1027,1739,1
2232,0001,2021-01-15 13:37:52.049,2,1744,1026,3,1027,1739,3
2233,0001,2021-01-15 13:37:53.065,2,1744,1026,4,1027,1739,4
2234,0001,2021-01-15 13:37:54.08,2,1744,1026,4,1027,1739,4
2235,0001,2021-01-15 13:37:55.095,2,1744,1026,4,1027,1739,4
2236,0001,2021-01-15 13:37:56.11,2,1744,1026,3,1027,1739,3
2237,0001,2021-01-15 13:37:57.126,2,1744,1026,4,1027,1739,4
2238,0001,2021-01-15 13:37:58.141,2,1744,1026,4,1027,1739,4
2239,0001,2021-01-15 13:37:59.157,2,1745,1026,4,1027,1740,4
2240,0001,2021-01-15 13:38:00.174,2,1745,1027,3,1028,1740,3
2241,0001,2021-01-15 13:38:01.189,2,1745,1028,2,1029,1740,2
2242,0001,2021-01-15 13:38:02.204,2,1745,1028,2,1029,1740,2
2243,0001,2021-01-15 13:38:03.22,2,1745,1028,2,1029,1740,2
2244,0001,2021-01-15 13:38:04.235,2,1745,1028,2,1029,1740,2
2245,0001,2021-01-15 13:38:05.25,2,1745,1028,3,1029,1740,3
2246,0001,2021-01-15 13:38:06.266,2,1746,1028,4,1029,1741,4
2247,0001,2021-01-15 13:38:07.281,2,1746,1028,4,1029,1741,4
2248,0001,2021-01-15 13:38:08.297,2,1746,1028,4,1029,1741,4
2249,0001,2021-01-15 13:38:09.312,2,1746,1029,3,1030,1741,3
2250,0001,2021-01-15 13:38:10.328,2,1746,1029,3,1030,1741,3
2251,0001,2021-01-15 13:38:11.343,2,1746,1029,3,1030,1741,3
2252,0001,2021-01-15 13:38:12.358,2,1746,1029,3,1030,1741,3
2253,0001,2021-01-15 13:38:13.374,2,1746,1029,3,1030,1741,3
2254,0001,2021-01-15 13:38:14.389,2,1746,1029,3,1030,1741,3
2255,0001,2021-01-15 13:38:15.39,2,1746,1030,2,1031,1741,2
2256,0001,2021-01-15 13:38:16.405,2,1746,1031,2,1032,1741,2
2257,0001,2021-01-15 13:38:17.421,2,1746,1032,1,1033,1741,1
2258,0001,2021-01-15 13:38:18.436,2,1746,1032,1,1033,1741,1
2259,0001,2021-01-15 13:38:19.451,2,1746,1032,2,1033,1741,2
2260,0001,2021-01-15 13:38:20.467,2,1746,1032,2,1033,1741,2
2261,0001,2021-01-15 13:38:21.482,2,1746,1032,2,1033,1741,2
2262,0001,2021-01-15 13:38:22.498,2,1746,1032,2,1033,1741,2
2263,0001,2021-01-15 13:38:23.513,2,1746,1032,2,1033,1741,2
2264,0001,2021-01-15 13:38:24.529,2,1746,1032,2,1033,1741,2
2265,0001,2021-01-15 13:38:25.544,2,1746,1032,3,1033,1741,3
2266,0001,2021-01-15 13:38:26.559,2,1746,1032,3,1033,1741,3
2267,0001,2021-01-15 13:38:27.574,2,1747,1033,1,1034,1742,1
2268,0001,2021-01-15 13:38:28.59,2,1747,1033,1,1034,1742,1
2269,0001,2021-01-15 13:38:29.605,2,1747,1033,3,1034,1742,3
2270,0001,2021-01-15 13:38:30.607,2,1747,1033,3,1034,1742,3
2271,0001,2021-01-15 13:38:31.622,2,1747,1033,3,1034,1742,3
2272,0001,2021-01-15 13:38:32.637,2,1747,1033,4,1034,1742,4
2273,0001,2021-01-15 13:38:33.653,2,1747,1033,4,1034,1742,4
2274,0001,2021-01-15 13:38:34.668,2,1747,1034,4,1035,1742,4
2275,0001,2021-01-15 13:38:35.684,2,1747,1034,3,1035,1742,3
2276,0001,2021-01-15 13:38:36.699,2,1747,1034,3,1035,1742,3
2277,0001,2021-01-15 13:38:37.714,2,1747,1035,3,1036,1742,3
2278,0001,2021-01-15 13:38:38.73,2,1747,1035,3,1036,1742,3
2279,0001,2021-01-15 13:38:39.745,2,1747,1035,3,1036,1742,3
2280,0001,2021-01-15 13:38:40.761,2,1747,1036,2,1037,1742,2
2281,0001,2021-01-15 13:38:41.776,2,1747,1036,2,1037,1742,2
2282,0001,2021-01-15 13:38:42.792,2,1747,1036,2,1037,1742,2
2283,0001,2021-01-15 13:38:43.807,2,1748,1036,1,1037,1743,1
2284,0001,2021-01-15 13:38:44.822,2,1748,1036,1,1037,1743,1
2285,0001,2021-01-15 13:38:45.823,2,1748,1036,1,1037,1743,1
2286,0001,2021-01-15 13:38:46.838,2,1748,1036,1,1037,1743,1
2287,0001,2021-01-15 13:38:47.854,2,1749,1036,0,1037,1744,0
2288,0001,2021-01-15 13:38:48.869,2,1749,1036,0,1037,1744,0
2289,0001,2021-01-15 13:38:49.885,2,1749,1036,0,1037,1744,0
2290,0001,2021-01-15 13:38:50.9,2,1749,1036,0,1037,1744,0
2291,0001,2021-01-15 13:38:51.916,2,1749,1036,0,1037,1744,0
2292,0001,2021-01-15 13:38:52.931,2,1749,1036,0,1037,1744,0
2293,0001,2021-01-15 13:38:53.946,2,1749,1036,0,1037,1744,0
2294,0001,2021-01-15 13:38:54.946,2,1749,1036,0,1037,1744,0
2295,0001,2021-01-15 13:38:55.961,2,1749,1036,0,1037,1744,0
2296,0001,2021-01-15 13:38:56.977,2,1749,1036,0,1037,1744,0
2297,0001,2021-01-15 13:38:57.992,2,1749,1036,1,1037,1744,1
2298,0001,2021-01-15 13:38:59.007,2,1749,1036,2,1037,1744,2
2299,0001,2021-01-15 13:39:00.023,2,1749,1036,2,1037,1744,2
2300,0001,2021-01-15 13:39:01.024,2,1749,1036,3,1037,1744,3
2301,0001,2021-01-15 13:39:02.04,2,1749,1036,5,1037,1744,5
2302,0001,2021-01-15 13:39:03.055,2,1749,1036,3,1037,1744,3
2303,0001,2021-01-15 13:39:04.07,2,1749,1036,4,1037,1744,4
2304,0001,2021-01-15 13:39:05.086,2,1749,1036,4,1037,1744,4
2305,0001,2021-01-15 13:39:06.101,2,1749,1036,3,1037,1744,3
2306,0001,2021-01-15 13:39:07.117,2,1749,1036,4,1037,1744,4
2307,0001,2021-01-15 13:39:08.132,2,1750,1036,2,1037,1745,2
2308,0001,2021-01-15 13:39:09.147,2,1751,1036,1,1037,1746,1
2309,0001,2021-01-15 13:39:10.163,2,1751,1037,0,1038,1746,0
2310,0001,2021-01-15 13:39:11.178,2,1751,1037,0,1038,1746,0
2311,0001,2021-01-15 13:39:12.194,2,1751,1037,0,1038,1746,0
2312,0001,2021-01-15 13:39:13.209,2,1751,1037,0,1038,1746,0
2313,0001,2021-01-15 13:39:14.224,2,1751,1037,0,1038,1746,0
2314,0001,2021-01-15 13:39:15.225,2,1751,1037,0,1038,1746,0
2315,0001,2021-01-15 13:39:16.241,2,1751,1037,0,1038,1746,0
2316,0001,2021-01-15 13:39:17.256,2,1751,1037,0,1038,1746,0
2317,0001,2021-01-15 13:39:18.271,2,1751,1037,0,1038,1746,0
2318,0001,2021-01-15 13:39:19.287,2,1751,1037,0,1038,1746,0
2319,0001,2021-01-15 13:39:20.302,2,1751,1037,0,1038,1746,0
2320,0001,2021-01-15 13:39:21.317,2,1751,1037,0,1038,1746,0
2321,0001,2021-01-15 13:39:22.333,2,1751,1037,0,1038,1746,0
2322,0001,2021-01-15 13:39:23.348,2,1751,1037,0,1038,1746,0
2323,0001,2021-01-15 13:39:24.364,2,1751,1037,0,1038,1746,0
2324,0001,2021-01-15 13:39:25.379,2,1751,1037,0,1038,1746,0
2325,0001,2021-01-15 13:39:26.395,2,1751,1037,1,1038,1746,1
2326,0001,2021-01-15 13:39:27.41,2,1751,1037,1,1038,1746,1
2327,0001,2021-01-15 13:39:28.425,2,1751,1037,1,1038,1746,1
2328,0001,2021-01-15 13:39:29.441,2,1751,1037,1,1038,1746,1
2329,0001,2021-01-15 13:39:30.441,2,1751,1037,1,1038,1746,1
2330,0001,2021-01-15 13:39:31.457,2,1751,1037,1,1038,1746,1
2331,0001,2021-01-15 13:39:32.472,2,1751,1037,1,1038,1746,1
2332,0001,2021-01-15 13:39:33.488,2,1751,1037,1,1038,1746,1
2333,0001,2021-01-15 13:39:34.503,2,1751,1037,1,1038,1746,1
2334,0001,2021-01-15 13:39:35.518,2,1751,1037,1,1038,1746,1
2335,0001,2021-01-15 13:39:36.534,2,1751,1037,1,1038,1746,1
2336,0001,2021-01-15 13:39:37.549,2,1752,1037,0,1038,1747,0
2337,0001,2021-01-15 13:39:38.565,2,1752,1037,1,1038,1747,1
2338,0001,2021-01-15 13:39:39.58,2,1752,1037,2,1038,1747,2
2339,0001,2021-01-15 13:39:40.595,2,1752,1037,3,1038,1747,3
2340,0001,2021-01-15 13:39:41.611,2,1752,1037,1,1038,1747,1
2341,0001,2021-01-15 13:39:42.626,2,1752,1037,1,1038,1747,1
2342,0001,2021-01-15 13:39:43.641,2,1752,1037,1,1038,1747,1
2343,0001,2021-01-15 13:39:44.657,2,1752,1037,2,1038,1747,2
2344,0001,2021-01-15 13:39:45.662,2,1752,1037,2,1038,1747,2
2345,0001,2021-01-15 13:39:46.677,2,1752,1037,2,1038,1747,2
2346,0001,2021-01-15 13:39:47.693,2,1752,1037,2,1038,1747,2
2347,0001,2021-01-15 13:39:48.708,2,1752,1038,1,1039,1747,1
2348,0001,2021-01-15 13:39:49.723,2,1752,1038,1,1039,1747,1
2349,0001,2021-01-15 13:39:50.739,2,1752,1039,0,1040,1747,0
2350,0001,2021-01-15 13:39:51.754,2,1752,1039,0,1040,1747,0
2351,0001,2021-01-15 13:39:52.769,2,1752,1039,0,1040,1747,0
2352,0001,2021-01-15 13:39:53.785,2,1752,1039,0,1040,1747,0
2353,0001,2021-01-15 13:39:54.8,2,1752,1039,1,1040,1747,1
2354,0001,2021-01-15 13:39:55.8,2,1752,1039,2,1040,1747,2
2355,0001,2021-01-15 13:39:56.815,2,1752,1039,2,1040,1747,2
2356,0001,2021-01-15 13:39:57.831,2,1752,1039,2,1040,1747,2
2357,0001,2021-01-15 13:39:58.846,2,1752,1039,2,1040,1747,2
2358,0001,2021-01-15 13:39:59.862,2,1752,1039,2,1040,1747,2
2359,0001,2021-01-15 13:40:00.862,2,1752,1039,2,1040,1747,2
2360,0001,2021-01-15 13:40:01.878,2,1752,1039,2,1040,1747,2
2361,0001,2021-01-15 13:40:02.893,2,1753,1039,1,1040,1748,1
2362,0001,2021-01-15 13:40:03.909,2,1753,1039,1,1040,1748,1
2363,0001,2021-01-15 13:40:04.924,2,1754,1039,0,1040,1749,0
2364,0001,2021-01-15 13:40:05.939,2,1754,1039,0,1040,1749,0
2365,0001,2021-01-15 13:40:06.955,2,1754,1039,0,1040,1749,0
2366,0001,2021-01-15 13:40:07.97,2,1754,1039,0,1040,1749,0
2367,0001,2021-01-15 13:40:08.986,2,1754,1039,0,1040,1749,0
2368,0001,2021-01-15 13:40:10.001,2,1754,1039,1,1040,1749,1
2369,0001,2021-01-15 13:40:11.016,2,1754,1039,1,1040,1749,1
2370,0001,2021-01-15 13:40:12.032,2,1754,1039,2,1040,1749,2
2371,0001,2021-01-15 13:40:13.047,2,1754,1039,2,1040,1749,2
2372,0001,2021-01-15 13:40:14.062,2,1754,1039,2,1040,1749,2
2373,0001,2021-01-15 13:40:16.079,1,1754,1039,2,1040,1749,2
2374,0001,2021-01-15 13:40:17.094,1,1754,1039,4,1040,1749,4
2375,0001,2021-01-15 13:40:18.11,1,1754,1039,3,1040,1749,3
2376,0001,2021-01-15 13:40:19.125,1,1754,1039,2,1040,1749,2
2377,0001,2021-01-15 13:40:20.14,1,1754,1039,2,1040,1749,2
2378,0001,2021-01-15 13:40:21.156,1,1754,1039,2,1040,1749,2
2379,0001,2021-01-15 13:40:22.171,2,1754,1039,3,1040,1749,3
2380,0001,2021-01-15 13:40:23.186,2,1754,1039,3,1040,1749,3
2381,0001,2021-01-15 13:40:24.202,2,1754,1039,3,1040,1749,3
2382,0001,2021-01-15 13:40:25.217,2,1754,1039,2,1040,1749,2
2383,0001,2021-01-15 13:40:26.233,2,1754,1039,2,1040,1749,2
2384,0001,2021-01-15 13:40:27.248,2,1754,1039,2,1040,1749,2
2385,0001,2021-01-15 13:40:28.263,2,1754,1039,2,1040,1749,2
2386,0001,2021-01-15 13:40:29.279,2,1754,1039,2,1040,1749,2
2387,0001,2021-01-15 13:40:30.28,2,1754,1039,3,1040,1749,3
2388,0001,2021-01-15 13:40:31.295,2,1754,1040,2,1041,1749,2
2389,0001,2021-01-15 13:40:32.31,2,1754,1040,2,1041,1749,2
2390,0001,2021-01-15 13:40:33.326,2,1754,1040,2,1041,1749,2
2391,0001,2021-01-15 13:40:34.341,2,1755,1040,1,1041,1750,1
2392,0001,2021-01-15 13:40:35.357,2,1755,1040,1,1041,1750,1
2393,0001,2021-01-15 13:40:36.372,2,1755,1040,1,1041,1750,1
2394,0001,2021-01-15 13:40:37.387,2,1755,1040,1,1041,1750,1
2395,0001,2021-01-15 13:40:38.403,2,1755,1040,1,1041,1750,1
2396,0001,2021-01-15 13:40:39.418,2,1755,1040,1,1041,1750,1
2397,0001,2021-01-15 13:40:40.433,2,1755,1040,1,1041,1750,1
2398,0001,2021-01-15 13:40:41.449,2,1756,1040,0,1041,1751,0
2399,0001,2021-01-15 13:40:42.464,2,1756,1040,0,1041,1751,0
2400,0001,2021-01-15 13:40:43.48,2,1756,1040,0,1041,1751,0
2401,0001,2021-01-15 13:40:44.495,2,1756,1040,0,1041,1751,0
2402,0001,2021-01-15 13:40:45.497,2,1756,1040,1,1041,1751,1
2403,0001,2021-01-15 13:40:46.512,2,1756,1040,2,1041,1751,2
2404,0001,2021-01-15 13:40:47.527,2,1756,1040,2,1041,1751,2
2405,0001,2021-01-15 13:40:48.543,2,1756,1040,2,1041,1751,2
2406,0001,2021-01-15 13:40:49.558,2,1756,1040,2,1041,1751,2
2407,0001,2021-01-15 13:40:50.574,2,1756,1040,2,1041,1751,2
2408,0001,2021-01-15 13:40:51.589,2,1756,1040,2,1041,1751,2
2409,0001,2021-01-15 13:40:52.604,2,1756,1040,2,1041,1751,2
2410,0001,2021-01-15 13:40:53.62,2,1756,1040,2,1041,1751,2
2411,0001,2021-01-15 13:40:54.635,2,1756,1040,2,1041,1751,2
2412,0001,2021-01-15 13:40:55.651,2,1756,1040,2,1041,1751,2
2413,0001,2021-01-15 13:40:56.666,2,1757,1040,2,1041,1752,2
2414,0001,2021-01-15 13:40:57.681,2,1757,1040,2,1041,1752,2
2415,0001,2021-01-15 13:40:58.697,2,1757,1040,2,1041,1752,2
2416,0001,2021-01-15 13:40:59.712,2,1757,1040,2,1041,1752,2
2417,0001,2021-01-15 13:41:00.713,2,1757,1040,2,1041,1752,2
2418,0001,2021-01-15 13:41:01.728,2,1757,1040,4,1041,1752,4
2419,0001,2021-01-15 13:41:02.744,2,1757,1040,5,1041,1752,5
2420,0001,2021-01-15 13:41:03.759,2,1757,1040,6,1041,1752,6
2421,0001,2021-01-15 13:41:04.775,2,1757,1040,6,1041,1752,6
2422,0001,2021-01-15 13:41:05.79,2,1757,1040,6,1041,1752,6
2423,0001,2021-01-15 13:41:06.805,2,1757,1040,5,1041,1752,5
2424,0001,2021-01-15 13:41:07.821,2,1757,1040,6,1041,1752,6
2425,0001,2021-01-15 13:41:08.836,2,1758,1040,5,1041,1753,5
2426,0001,2021-01-15 13:41:09.851,2,1758,1040,5,1041,1753,5
2427,0001,2021-01-15 13:41:10.867,2,1758,1040,5,1041,1753,5
2428,0001,2021-01-15 13:41:11.882,2,1758,1040,6,1041,1753,6
2429,0001,2021-01-15 13:41:12.898,2,1759,1040,4,1041,1754,4
2430,0001,2021-01-15 13:41:13.913,2,1760,1040,3,1041,1755,3
2431,0001,2021-01-15 13:41:14.928,2,1760,1040,2,1041,1755,2
2432,0001,2021-01-15 13:41:15.929,2,1760,1040,2,1041,1755,2
2433,0001,2021-01-15 13:41:16.945,2,1760,1041,2,1042,1755,2
2434,0001,2021-01-15 13:41:17.96,2,1760,1041,2,1042,1755,2
2435,0001,2021-01-15 13:41:18.975,2,1760,1041,2,1042,1755,2
2436,0001,2021-01-15 13:41:19.991,2,1760,1041,2,1042,1755,2
2437,0001,2021-01-15 13:41:21.006,2,1760,1041,2,1042,1755,2
2438,0001,2021-01-15 13:41:22.022,2,1760,1041,3,1042,1755,3
2439,0001,2021-01-15 13:41:23.037,2,1760,1041,3,1042,1755,3
2440,0001,2021-01-15 13:41:24.053,2,1760,1041,3,1042,1755,3
2441,0001,2021-01-15 13:41:25.068,2,1760,1041,3,1042,1755,3
2442,0001,2021-01-15 13:41:26.083,2,1760,1041,3,1042,1755,3
2443,0001,2021-01-15 13:41:27.099,2,1760,1041,3,1042,1755,3
2444,0001,2021-01-15 13:41:28.114,2,1760,1041,3,1042,1755,3
2445,0001,2021-01-15 13:41:29.129,2,1761,1041,2,1042,1756,2
2446,0001,2021-01-15 13:41:30.145,2,1761,1041,2,1042,1756,2
2447,0001,2021-01-15 13:41:31.146,2,1762,1041,1,1042,1757,1
2448,0001,2021-01-15 13:41:32.161,2,1762,1041,2,1042,1757,2
2449,0001,2021-01-15 13:41:33.176,2,1763,1041,1,1042,1758,1
2450,0001,2021-01-15 13:41:34.192,2,1763,1041,2,1042,1758,2
2451,0001,2021-01-15 13:41:35.207,2,1763,1041,4,1042,1758,4
2452,0001,2021-01-15 13:41:36.223,2,1763,1041,4,1042,1758,4
2453,0001,2021-01-15 13:41:37.238,2,1763,1041,5,1042,1758,5
2454,0001,2021-01-15 13:41:38.253,2,1763,1041,4,1042,1758,4
2455,0001,2021-01-15 13:41:39.269,2,1763,1041,3,1042,1758,3
2456,0001,2021-01-15 13:41:40.284,2,1763,1041,3,1042,1758,3
2457,0001,2021-01-15 13:41:41.299,2,1763,1043,1,1044,1758,1
2458,0001,2021-01-15 13:41:42.315,2,1763,1043,1,1044,1758,1
2459,0001,2021-01-15 13:41:43.33,2,1763,1043,1,1044,1758,1
2460,0001,2021-01-15 13:41:44.346,2,1763,1043,1,1044,1758,1
2461,0001,2021-01-15 13:41:45.347,2,1763,1044,0,1045,1758,0
2462,0001,2021-01-15 13:41:46.362,2,1763,1044,0,1045,1758,0
2463,0001,2021-01-15 13:41:47.377,2,1763,1044,0,1045,1758,0
2464,0001,2021-01-15 13:41:48.393,2,1763,1044,0,1045,1758,0
2465,0001,2021-01-15 13:41:49.408,2,1763,1044,0,1045,1758,0
2466,0001,2021-01-15 13:41:50.423,2,1763,1044,0,1045,1758,0
2467,0001,2021-01-15 13:41:51.439,2,1763,1044,0,1045,1758,0
2468,0001,2021-01-15 13:41:52.454,2,1763,1044,0,1045,1758,0
2469,0001,2021-01-15 13:41:53.47,2,1763,1044,0,1045,1758,0
2470,0001,2021-01-15 13:41:54.485,2,1763,1044,0,1045,1758,0
2471,0001,2021-01-15 13:41:55.5,2,1763,1044,0,1045,1758,0
2472,0001,2021-01-15 13:41:56.516,2,1763,1044,0,1045,1758,0
2473,0001,2021-01-15 13:41:57.531,2,1763,1044,0,1045,1758,0
2474,0001,2021-01-15 13:41:58.547,2,1763,1044,0,1045,1758,0
2475,0001,2021-01-15 13:41:59.562,2,1763,1044,0,1045,1758,0
2476,0001,2021-01-15 13:42:00.566,2,1763,1044,0,1045,1758,0
2477,0001,2021-01-15 13:42:01.581,2,1763,1044,0,1045,1758,0
2478,0001,2021-01-15 13:42:02.597,2,1763,1044,0,1045,1758,0
2479,0001,2021-01-15 13:42:03.612,2,1763,1044,1,1045,1758,1
2480,0001,2021-01-15 13:42:04.628,2,1763,1044,1,1045,1758,1
2481,0001,2021-01-15 13:42:05.643,2,1763,1044,2,1045,1758,2
2482,0001,2021-01-15 13:42:06.658,2,1763,1044,3,1045,1758,3
2483,0001,2021-01-15 13:42:07.673,2,1763,1044,3,1045,1758,3
2484,0001,2021-01-15 13:42:08.689,2,1763,1044,3,1045,1758,3
2485,0001,2021-01-15 13:42:09.704,2,1763,1044,3,1045,1758,3
2486,0001,2021-01-15 13:42:10.72,2,1763,1044,3,1045,1758,3
2487,0001,2021-01-15 13:42:11.735,2,1763,1044,3,1045,1758,3
2488,0001,2021-01-15 13:42:12.75,2,1763,1044,3,1045,1758,3
2489,0001,2021-01-15 13:42:13.766,2,1763,1045,3,1046,1758,3
2490,0001,2021-01-15 13:42:14.781,2,1763,1045,4,1046,1758,4
2491,0001,2021-01-15 13:42:15.782,2,1763,1045,4,1046,1758,4
2492,0001,2021-01-15 13:42:16.797,2,1765,1045,2,1046,1760,2
2493,0001,2021-01-15 13:42:17.813,2,1765,1045,2,1046,1760,2
2494,0001,2021-01-15 13:42:18.828,2,1765,1045,2,1046,1760,2
2495,0001,2021-01-15 13:42:19.844,2,1765,1045,2,1046,1760,2
2496,0001,2021-01-15 13:42:20.859,2,1765,1045,2,1046,1760,2
2497,0001,2021-01-15 13:42:21.874,2,1765,1045,3,1046,1760,3
2498,0001,2021-01-15 13:42:22.89,2,1766,1045,2,1046,1761,2
2499,0001,2021-01-15 13:42:23.905,2,1766,1045,2,1046,1761,2
2500,0001,2021-01-15 13:42:24.921,2,1766,1045,1,1046,1761,1
2501,0001,2021-01-15 13:42:25.936,2,1766,1045,1,1046,1761,1
2502,0001,2021-01-15 13:42:26.951,2,1767,1045,0,1046,1762,0
2503,0001,2021-01-15 13:42:27.967,2,1767,1045,0,1046,1762,0
2504,0001,2021-01-15 13:42:28.982,2,1767,1045,0,1046,1762,0
2505,0001,2021-01-15 13:42:29.997,2,1767,1045,0,1046,1762,0
2506,0001,2021-01-15 13:42:30.999,2,1767,1045,0,1046,1762,0
2507,0001,2021-01-15 13:42:32.014,2,1767,1045,0,1046,1762,0
2508,0001,2021-01-15 13:42:33.029,2,1767,1045,0,1046,1762,0
2509,0001,2021-01-15 13:42:34.045,2,1767,1045,0,1046,1762,0
2510,0001,2021-01-15 13:42:35.06,2,1767,1045,0,1046,1762,0
2511,0001,2021-01-15 13:42:36.075,2,1767,1045,0,1046,1762,0
2512,0001,2021-01-15 13:42:37.091,2,1767,1045,0,1046,1762,0
2513,0001,2021-01-15 13:42:38.106,2,1767,1045,0,1046,1762,0
2514,0001,2021-01-15 13:42:39.121,2,1767,1045,0,1046,1762,0
2515,0001,2021-01-15 13:42:40.137,2,1767,1045,1,1046,1762,1
2516,0001,2021-01-15 13:42:41.152,2,1767,1045,1,1046,1762,1
2517,0001,2021-01-15 13:42:42.168,2,1767,1045,1,1046,1762,1
2518,0001,2021-01-15 13:42:43.183,2,1767,1045,1,1046,1762,1
2519,0001,2021-01-15 13:42:44.198,2,1767,1045,1,1046,1762,1
2520,0001,2021-01-15 13:42:45.199,2,1767,1045,1,1046,1762,1
2521,0001,2021-01-15 13:42:46.215,2,1767,1045,1,1046,1762,1
2522,0001,2021-01-15 13:42:47.23,2,1767,1045,1,1046,1762,1
2523,0001,2021-01-15 13:42:48.245,2,1767,1045,2,1046,1762,2
2524,0001,2021-01-15 13:42:49.261,2,1767,1045,2,1046,1762,2
2525,0001,2021-01-15 13:42:50.276,2,1767,1045,2,1046,1762,2
2526,0001,2021-01-15 13:42:51.292,2,1767,1045,3,1046,1762,3
2527,0001,2021-01-15 13:42:52.307,2,1767,1045,3,1046,1762,3
2528,0001,2021-01-15 13:42:53.322,2,1767,1045,2,1046,1762,2
2529,0001,2021-01-15 13:42:54.338,2,1767,1045,2,1046,1762,2
2530,0001,2021-01-15 13:42:55.353,2,1767,1045,2,1046,1762,2
2531,0001,2021-01-15 13:42:56.369,2,1767,1045,2,1046,1762,2
2532,0001,2021-01-15 13:42:57.384,2,1768,1045,1,1046,1763,1
2533,0001,2021-01-15 13:42:58.4,2,1768,1045,2,1046,1763,2
2534,0001,2021-01-15 13:42:59.415,2,1768,1045,2,1046,1763,2
2535,0001,2021-01-15 13:43:00.416,2,1768,1045,2,1046,1763,2
2536,0001,2021-01-15 13:43:01.431,2,1768,1045,2,1046,1763,2
2537,0001,2021-01-15 13:43:02.446,2,1768,1045,3,1046,1763,3
2538,0001,2021-01-15 13:43:03.462,2,1768,1045,3,1046,1763,3
2539,0001,2021-01-15 13:43:04.477,2,1768,1046,2,1047,1763,2
2540,0001,2021-01-15 13:43:05.493,2,1768,1046,2,1047,1763,2
2541,0001,2021-01-15 13:43:06.508,2,1768,1046,2,1047,1763,2
2542,0001,2021-01-15 13:43:07.523,2,1768,1046,2,1047,1763,2
2543,0001,2021-01-15 13:43:08.539,2,1768,1046,2,1047,1763,2
2544,0001,2021-01-15 13:43:09.554,2,1768,1046,1,1047,1763,1
2545,0001,2021-01-15 13:43:10.569,2,1768,1046,1,1047,1763,1
2546,0001,2021-01-15 13:43:11.585,2,1768,1046,2,1047,1763,2
2547,0001,2021-01-15 13:43:12.6,2,1769,1046,1,1047,1764,1
2548,0001,2021-01-15 13:43:13.616,2,1769,1046,1,1047,1764,1
2549,0001,2021-01-15 13:43:14.631,2,1769,1046,1,1047,1764,1
2550,0001,2021-01-15 13:43:15.632,2,1769,1046,1,1047,1764,1
2551,0001,2021-01-15 13:43:16.647,2,1769,1046,1,1047,1764,1
2552,0001,2021-01-15 13:43:17.663,2,1769,1046,2,1047,1764,2
2553,0001,2021-01-15 13:43:18.678,2,1769,1046,2,1047,1764,2
2554,0001,2021-01-15 13:43:19.694,2,1769,1046,2,1047,1764,2
2555,0001,2021-01-15 13:43:20.709,2,1769,1046,2,1047,1764,2
2556,0001,2021-01-15 13:43:21.725,2,1769,1047,1,1048,1764,1
2557,0001,2021-01-15 13:43:22.74,2,1769,1047,1,1048,1764,1
2558,0001,2021-01-15 13:43:23.755,2,1769,1047,2,1048,1764,2
2559,0001,2021-01-15 13:43:24.77,2,1769,1047,3,1048,1764,3
2560,0001,2021-01-15 13:43:25.786,2,1769,1047,3,1048,1764,3
2561,0001,2021-01-15 13:43:26.801,2,1769,1047,3,1048,1764,3
2562,0001,2021-01-15 13:43:27.817,2,1769,1048,2,1049,1764,2
2563,0001,2021-01-15 13:43:28.832,2,1769,1048,2,1049,1764,2
2564,0001,2021-01-15 13:43:29.847,2,1769,1048,3,1049,1764,3
2565,0001,2021-01-15 13:43:30.848,2,1769,1048,3,1049,1764,3
2566,0001,2021-01-15 13:43:31.864,2,1769,1048,3,1049,1764,3
2567,0001,2021-01-15 13:43:32.879,2,1769,1048,3,1049,1764,3
2568,0001,2021-01-15 13:43:33.894,2,1769,1050,1,1051,1764,1
2569,0001,2021-01-15 13:43:34.91,2,1769,1050,1,1051,1764,1
2570,0001,2021-01-15 13:43:35.925,2,1769,1050,1,1051,1764,1
2571,0001,2021-01-15 13:43:36.941,2,1769,1050,1,1051,1764,1
2572,0001,2021-01-15 13:43:37.956,2,1769,1050,1,1051,1764,1
2573,0001,2021-01-15 13:43:38.971,2,1769,1050,2,1051,1764,2
2574,0001,2021-01-15 13:43:39.987,2,1769,1050,2,1051,1764,2
2575,0001,2021-01-15 13:43:41.002,2,1770,1050,1,1051,1765,1
2576,0001,2021-01-15 13:43:42.018,2,1770,1050,4,1051,1765,4
2577,0001,2021-01-15 13:43:43.033,2,1770,1050,4,1051,1765,4
2578,0001,2021-01-15 13:43:44.048,2,1770,1050,6,1051,1765,6
2579,0001,2021-01-15 13:43:45.064,2,1770,1050,5,1051,1765,5
2580,0001,2021-01-15 13:43:46.065,2,1770,1050,5,1051,1765,5
2581,0001,2021-01-15 13:43:47.08,2,1770,1050,6,1051,1765,6
2582,0001,2021-01-15 13:43:48.095,2,1770,1050,7,1051,1765,7
2583,0001,2021-01-15 13:43:49.111,2,1770,1050,7,1051,1765,7
2584,0001,2021-01-15 13:43:50.126,2,1770,1052,7,1053,1765,7
2585,0001,2021-01-15 13:43:51.142,2,1770,1052,5,1053,1765,5
2586,0001,2021-01-15 13:43:52.157,2,1770,1052,4,1053,1765,4
2587,0001,2021-01-15 13:43:53.172,2,1770,1052,4,1053,1765,4
2588,0001,2021-01-15 13:43:54.188,2,1771,1052,4,1053,1766,4
2589,0001,2021-01-15 13:43:55.203,2,1771,1052,4,1053,1766,4
2590,0001,2021-01-15 13:43:56.218,2,1772,1052,3,1053,1767,3
2591,0001,2021-01-15 13:43:57.234,2,1772,1052,3,1053,1767,3
2592,0001,2021-01-15 13:43:58.249,2,1772,1052,2,1053,1767,2
2593,0001,2021-01-15 13:43:59.265,2,1772,1053,1,1054,1767,1
2594,0001,2021-01-15 13:44:00.266,2,1772,1053,1,1054,1767,1
2595,0001,2021-01-15 13:44:01.281,2,1772,1053,1,1054,1767,1
2596,0001,2021-01-15 13:44:02.296,2,1772,1053,1,1054,1767,1
2597,0001,2021-01-15 13:44:03.312,2,1772,1054,0,1055,1767,0
2598,0001,2021-01-15 13:44:04.327,2,1772,1054,0,1055,1767,0
2599,0001,2021-01-15 13:44:05.337,2,1772,1054,0,1055,1767,0
2600,0001,2021-01-15 13:44:06.352,2,1772,1054,0,1055,1767,0
2601,0001,2021-01-15 13:44:07.367,2,1772,1054,0,1055,1767,0
2602,0001,2021-01-15 13:44:08.383,2,1772,1054,0,1055,1767,0
2603,0001,2021-01-15 13:44:09.398,2,1772,1054,1,1055,1767,1
2604,0001,2021-01-15 13:44:10.414,2,1772,1054,1,1055,1767,1
2605,0001,2021-01-15 13:44:11.429,2,1772,1054,1,1055,1767,1
2606,0001,2021-01-15 13:44:12.444,2,1772,1054,2,1055,1767,2
2607,0001,2021-01-15 13:44:13.46,2,1772,1054,2,1055,1767,2
2608,0001,2021-01-15 13:44:14.475,2,1772,1054,2,1055,1767,2
2609,0001,2021-01-15 13:44:15.481,2,1772,1054,2,1055,1767,2
2610,0001,2021-01-15 13:44:16.497,2,1772,1054,2,1055,1767,2
2611,0001,2021-01-15 13:44:17.512,2,1772,1054,2,1055,1767,2
2612,0001,2021-01-15 13:44:18.527,2,1772,1054,2,1055,1767,2
2613,0001,2021-01-15 13:44:19.543,2,1772,1054,2,1055,1767,2
2614,0001,2021-01-15 13:44:20.558,2,1772,1054,3,1055,1767,3
2615,0001,2021-01-15 13:44:21.573,2,1772,1054,3,1055,1767,3
2616,0001,2021-01-15 13:44:22.589,2,1772,1054,3,1055,1767,3
2617,0001,2021-01-15 13:44:23.604,2,1772,1054,4,1055,1767,4
2618,0001,2021-01-15 13:44:24.62,2,1772,1054,4,1055,1767,4
2619,0001,2021-01-15 13:44:25.635,2,1772,1055,4,1056,1767,4
2620,0001,2021-01-15 13:44:26.65,2,1772,1055,4,1056,1767,4
2621,0001,2021-01-15 13:44:27.666,2,1772,1055,4,1056,1767,4
2622,0001,2021-01-15 13:44:28.681,2,1772,1055,4,1056,1767,4
2623,0001,2021-01-15 13:44:29.697,2,1772,1055,4,1056,1767,4
2624,0001,2021-01-15 13:44:30.697,2,1772,1055,4,1056,1767,4
2625,0001,2021-01-15 13:44:31.713,2,1773,1055,3,1056,1768,3
2626,0001,2021-01-15 13:44:32.728,2,1773,1055,4,1056,1768,4
2627,0001,2021-01-15 13:44:33.744,2,1774,1055,3,1056,1769,3
2628,0001,2021-01-15 13:44:34.759,2,1774,1055,4,1056,1769,4
2629,0001,2021-01-15 13:44:35.774,2,1774,1056,3,1057,1769,3
2630,0001,2021-01-15 13:44:36.79,2,1774,1056,3,1057,1769,3
2631,0001,2021-01-15 13:44:37.805,2,1774,1056,3,1057,1769,3
2632,0001,2021-01-15 13:44:38.821,2,1774,1056,4,1057,1769,4
2633,0001,2021-01-15 13:44:39.836,2,1774,1056,4,1057,1769,4
2634,0001,2021-01-15 13:44:40.851,2,1774,1056,6,1057,1769,6
2635,0001,2021-01-15 13:44:41.867,2,1774,1056,5,1057,1769,5
2636,0001,2021-01-15 13:44:42.882,2,1774,1056,5,1057,1769,5
2637,0001,2021-01-15 13:44:43.897,2,1774,1056,5,1057,1769,5
2638,0001,2021-01-15 13:44:44.913,2,1774,1056,5,1057,1769,5
2639,0001,2021-01-15 13:44:45.914,2,1774,1057,4,1058,1769,4
2640,0001,2021-01-15 13:44:46.929,2,1774,1059,2,1060,1769,2
2641,0001,2021-01-15 13:44:47.945,2,1774,1059,2,1060,1769,2
2642,0001,2021-01-15 13:44:48.96,2,1774,1060,1,1061,1769,1
2643,0001,2021-01-15 13:44:49.975,2,1774,1060,1,1061,1769,1
2644,0001,2021-01-15 13:44:50.991,2,1775,1060,1,1061,1770,1
2645,0001,2021-01-15 13:44:52.006,2,1775,1060,1,1061,1770,1
2646,0001,2021-01-15 13:44:53.021,2,1775,1060,1,1061,1770,1
2647,0001,2021-01-15 13:44:54.037,2,1775,1060,1,1061,1770,1
2648,0001,2021-01-15 13:44:55.052,2,1775,1060,1,1061,1770,1
2649,0001,2021-01-15 13:44:56.068,2,1775,1060,2,1061,1770,2
2650,0001,2021-01-15 13:44:57.083,2,1775,1060,4,1061,1770,4
2651,0001,2021-01-15 13:44:58.098,2,1775,1060,5,1061,1770,5
2652,0001,2021-01-15 13:44:59.114,2,1775,1060,5,1061,1770,5
2653,0001,2021-01-15 13:45:00.129,2,1776,1060,4,1061,1771,4
2654,0001,2021-01-15 13:45:01.13,2,1776,1060,4,1061,1771,4
2655,0001,2021-01-15 13:45:02.145,2,1776,1060,4,1061,1771,4
2656,0001,2021-01-15 13:45:03.161,2,1776,1060,4,1061,1771,4
2657,0001,2021-01-15 13:45:04.176,2,1776,1060,5,1061,1771,5
2658,0001,2021-01-15 13:45:05.192,2,1776,1060,5,1061,1771,5
2659,0001,2021-01-15 13:45:06.207,2,1776,1061,4,1062,1771,4
2660,0001,2021-01-15 13:45:07.222,2,1776,1061,4,1062,1771,4
2661,0001,2021-01-15 13:45:08.238,2,1778,1061,2,1062,1773,2
2662,0001,2021-01-15 13:45:09.253,2,1778,1061,2,1062,1773,2
2663,0001,2021-01-15 13:45:10.269,2,1778,1061,2,1062,1773,2
2664,0001,2021-01-15 13:45:11.284,2,1778,1061,3,1062,1773,3
2665,0001,2021-01-15 13:45:12.299,2,1778,1061,3,1062,1773,3
2666,0001,2021-01-15 13:45:13.315,2,1778,1062,2,1063,1773,2
2667,0001,2021-01-15 13:45:14.33,2,1778,1062,2,1063,1773,2
2668,0001,2021-01-15 13:45:15.331,2,1778,1062,2,1063,1773,2
2669,0001,2021-01-15 13:45:16.347,2,1778,1062,3,1063,1773,3
2670,0001,2021-01-15 13:45:17.362,2,1778,1062,3,1063,1773,3
2671,0001,2021-01-15 13:45:18.377,2,1778,1062,3,1063,1773,3
2672,0001,2021-01-15 13:45:19.393,2,1778,1062,3,1063,1773,3
2673,0001,2021-01-15 13:45:20.408,2,1778,1063,4,1064,1773,4
2674,0001,2021-01-15 13:45:21.424,2,1778,1064,3,1065,1773,3
2675,0001,2021-01-15 13:45:22.439,2,1778,1064,2,1065,1773,2
2676,0001,2021-01-15 13:45:23.454,2,1778,1064,2,1065,1773,2
2677,0001,2021-01-15 13:45:24.47,2,1778,1064,2,1065,1773,2
2678,0001,2021-01-15 13:45:25.485,2,1778,1064,2,1065,1773,2
2679,0001,2021-01-15 13:45:26.5,2,1778,1064,2,1065,1773,2
2680,0001,2021-01-15 13:45:27.516,2,1778,1064,2,1065,1773,2
2681,0001,2021-01-15 13:45:28.531,2,1778,1064,2,1065,1773,2
2682,0001,2021-01-15 13:45:29.547,2,1778,1064,2,1065,1773,2
2683,0001,2021-01-15 13:45:30.547,2,1779,1064,1,1065,1774,1
2684,0001,2021-01-15 13:45:31.563,2,1780,1064,0,1065,1775,0
2685,0001,2021-01-15 13:45:32.578,2,1780,1064,0,1065,1775,0
2686,0001,2021-01-15 13:45:33.594,2,1780,1064,0,1065,1775,0
2687,0001,2021-01-15 13:45:34.609,2,1780,1064,0,1065,1775,0
2688,0001,2021-01-15 13:45:35.624,2,1780,1064,0,1065,1775,0
2689,0001,2021-01-15 13:45:36.64,2,1780,1064,0,1065,1775,0
2690,0001,2021-01-15 13:45:37.655,2,1780,1064,0,1065,1775,0
2691,0001,2021-01-15 13:45:38.671,2,1780,1064,1,1065,1775,1
2692,0001,2021-01-15 13:45:39.686,2,1780,1064,1,1065,1775,1
2693,0001,2021-01-15 13:45:40.701,2,1780,1064,1,1065,1775,1
2694,0001,2021-01-15 13:45:41.717,2,1780,1064,1,1065,1775,1
2695,0001,2021-01-15 13:45:42.732,2,1780,1064,1,1065,1775,1
2696,0001,2021-01-15 13:45:43.747,2,1780,1064,1,1065,1775,1
2697,0001,2021-01-15 13:45:44.763,2,1780,1064,1,1065,1775,1
2698,0001,2021-01-15 13:45:45.764,2,1780,1064,1,1065,1775,1
2699,0001,2021-01-15 13:45:46.779,2,1780,1064,1,1065,1775,1
2700,0001,2021-01-15 13:45:47.779,2,1781,1064,0,1065,1776,0
2701,0001,2021-01-15 13:45:48.795,2,1781,1064,0,1065,1776,0
2702,0001,2021-01-15 13:45:49.81,2,1781,1064,0,1065,1776,0
2703,0001,2021-01-15 13:45:50.825,2,1781,1064,1,1065,1776,1
2704,0001,2021-01-15 13:45:51.84,2,1781,1064,1,1065,1776,1
2705,0001,2021-01-15 13:45:52.856,2,1781,1064,2,1065,1776,2
2706,0001,2021-01-15 13:45:53.871,2,1781,1064,3,1065,1776,3
2707,0001,2021-01-15 13:45:54.887,2,1781,1064,3,1065,1776,3
2708,0001,2021-01-15 13:45:55.902,2,1781,1064,3,1065,1776,3
2709,0001,2021-01-15 13:45:56.917,2,1781,1064,3,1065,1776,3
2710,0001,2021-01-15 13:45:57.933,2,1781,1064,4,1065,1776,4
2711,0001,2021-01-15 13:45:58.948,2,1781,1064,4,1065,1776,4
2712,0001,2021-01-15 13:45:59.964,2,1782,1064,5,1065,1777,5
2713,0001,2021-01-15 13:46:00.964,2,1782,1064,6,1065,1777,6
2714,0001,2021-01-15 13:46:01.98,2,1782,1064,5,1065,1777,5
2715,0001,2021-01-15 13:46:02.996,2,1783,1064,5,1065,1778,5
2716,0001,2021-01-15 13:46:04.011,2,1783,1064,5,1065,1778,5
2717,0001,2021-01-15 13:46:05.026,2,1783,1064,4,1065,1778,4
2718,0001,2021-01-15 13:46:06.041,2,1783,1064,4,1065,1778,4
2719,0001,2021-01-15 13:46:07.057,2,1783,1064,4,1065,1778,4
2720,0001,2021-01-15 13:46:08.072,2,1783,1065,3,1066,1778,3
2721,0001,2021-01-15 13:46:09.088,2,1783,1067,3,1068,1778,3
2722,0001,2021-01-15 13:46:10.103,2,1783,1067,2,1068,1778,2
2723,0001,2021-01-15 13:46:11.118,2,1784,1067,1,1068,1779,1
2724,0001,2021-01-15 13:46:12.134,2,1784,1067,1,1068,1779,1
2725,0001,2021-01-15 13:46:13.149,2,1784,1067,1,1068,1779,1
2726,0001,2021-01-15 13:46:14.165,2,1784,1067,1,1068,1779,1
2727,0001,2021-01-15 13:46:15.182,2,1784,1067,1,1068,1779,1
2728,0001,2021-01-15 13:46:16.197,2,1784,1067,1,1068,1779,1
2729,0001,2021-01-15 13:46:17.212,2,1784,1067,1,1068,1779,1
2730,0001,2021-01-15 13:46:18.228,2,1784,1067,1,1068,1779,1
2731,0001,2021-01-15 13:46:19.243,2,1785,1067,0,1068,1780,0
2732,0001,2021-01-15 13:46:20.258,2,1785,1067,0,1068,1780,0
2733,0001,2021-01-15 13:46:21.274,2,1785,1067,0,1068,1780,0
2734,0001,2021-01-15 13:46:22.289,2,1785,1067,0,1068,1780,0
2735,0001,2021-01-15 13:46:23.305,2,1785,1067,0,1068,1780,0
2736,0001,2021-01-15 13:46:24.32,2,1785,1067,0,1068,1780,0
2737,0001,2021-01-15 13:46:25.335,2,1785,1067,0,1068,1780,0
2738,0001,2021-01-15 13:46:26.351,2,1785,1067,0,1068,1780,0
2739,0001,2021-01-15 13:46:27.366,2,1785,1067,0,1068,1780,0
2740,0001,2021-01-15 13:46:28.381,2,1785,1067,0,1068,1780,0
2741,0001,2021-01-15 13:46:29.397,2,1785,1067,0,1068,1780,0
2742,0001,2021-01-15 13:46:30.402,2,1785,1067,0,1068,1780,0
2743,0001,2021-01-15 13:46:31.417,2,1785,1067,1,1068,1780,1
2744,0001,2021-01-15 13:46:32.433,2,1785,1067,1,1068,1780,1
2745,0001,2021-01-15 13:46:33.448,2,1785,1067,1,1068,1780,1
2746,0001,2021-01-15 13:46:34.463,2,1785,1067,1,1068,1780,1
2747,0001,2021-01-15 13:46:35.479,2,1785,1067,3,1068,1780,3
2748,0001,2021-01-15 13:46:36.494,2,1785,1067,6,1068,1780,6
2749,0001,2021-01-15 13:46:37.494,2,1785,1067,6,1068,1780,6
2750,0001,2021-01-15 13:46:38.509,2,1785,1067,5,1068,1780,5
2751,0001,2021-01-15 13:46:39.525,2,1785,1067,6,1068,1780,6
2752,0001,2021-01-15 13:46:40.54,2,1785,1067,6,1068,1780,6
2753,0001,2021-01-15 13:46:41.555,2,1786,1067,6,1068,1781,6
2754,0001,2021-01-15 13:46:42.571,2,1786,1067,6,1068,1781,6
2755,0001,2021-01-15 13:46:43.586,2,1786,1067,6,1068,1781,6
2756,0001,2021-01-15 13:46:44.602,2,1786,1067,8,1068,1781,8
2757,0001,2021-01-15 13:46:45.602,2,1786,1068,7,1069,1781,7
2758,0001,2021-01-15 13:46:46.618,2,1786,1069,5,1070,1781,5
2759,0001,2021-01-15 13:46:47.633,2,1786,1069,6,1070,1781,6
2760,0001,2021-01-15 13:46:48.649,2,1786,1069,5,1070,1781,5
2761,0001,2021-01-15 13:46:49.664,2,1786,1070,4,1071,1781,4
2762,0001,2021-01-15 13:46:50.679,2,1786,1070,5,1071,1781,5
2763,0001,2021-01-15 13:46:51.695,2,1786,1070,4,1071,1781,4
2764,0001,2021-01-15 13:46:52.71,2,1786,1070,3,1071,1781,3
2765,0001,2021-01-15 13:46:53.726,2,1788,1070,1,1071,1783,1
2766,0001,2021-01-15 13:46:54.741,2,1788,1070,1,1071,1783,1
2767,0001,2021-01-15 13:46:55.756,2,1788,1070,0,1071,1783,0
2768,0001,2021-01-15 13:46:56.772,2,1788,1070,0,1071,1783,0
2769,0001,2021-01-15 13:46:57.787,2,1788,1070,0,1071,1783,0
2770,0001,2021-01-15 13:46:58.802,2,1788,1070,1,1071,1783,1
2771,0001,2021-01-15 13:46:59.818,2,1788,1070,1,1071,1783,1
2772,0001,2021-01-15 13:47:00.819,2,1788,1070,1,1071,1783,1
2773,0001,2021-01-15 13:47:01.834,2,1788,1070,1,1071,1783,1
2774,0001,2021-01-15 13:47:02.85,2,1788,1070,2,1071,1783,2
2775,0001,2021-01-15 13:47:03.865,2,1788,1070,2,1071,1783,2
2776,0001,2021-01-15 13:47:04.88,2,1788,1070,2,1071,1783,2
2777,0001,2021-01-15 13:47:05.896,2,1788,1070,3,1071,1783,3
2778,0001,2021-01-15 13:47:06.911,2,1788,1071,2,1072,1783,2
2779,0001,2021-01-15 13:47:07.926,2,1788,1071,2,1072,1783,2
2780,0001,2021-01-15 13:47:08.942,2,1788,1071,3,1072,1783,3
2781,0001,2021-01-15 13:47:09.957,2,1788,1071,3,1072,1783,3
2782,0001,2021-01-15 13:47:10.973,2,1788,1071,3,1072,1783,3
2783,0001,2021-01-15 13:47:11.988,2,1788,1072,2,1073,1783,2
2784,0001,2021-01-15 13:47:13.003,2,1788,1072,2,1073,1783,2
2785,0001,2021-01-15 13:47:14.019,2,1788,1072,3,1073,1783,3
2786,0001,2021-01-15 13:47:15.034,2,1788,1072,2,1073,1783,2
2787,0001,2021-01-15 13:47:16.035,2,1788,1072,1,1073,1783,1
2788,0001,2021-01-15 13:47:17.051,2,1788,1072,1,1073,1783,1
2789,0001,2021-01-15 13:47:18.058,2,1789,1072,0,1073,1784,0
2790,0001,2021-01-15 13:47:19.074,2,1789,1072,1,1073,1784,1
2791,0001,2021-01-15 13:47:20.074,2,1789,1072,1,1073,1784,1
2792,0001,2021-01-15 13:47:21.088,2,1789,1072,1,1073,1784,1
2793,0001,2021-01-15 13:47:22.089,2,1789,1072,1,1073,1784,1
2794,0001,2021-01-15 13:47:23.104,2,1789,1072,1,1073,1784,1
2795,0001,2021-01-15 13:47:24.12,2,1789,1072,1,1073,1784,1
2796,0001,2021-01-15 13:47:25.135,2,1789,1072,1,1073,1784,1
2797,0001,2021-01-15 13:47:26.136,2,1789,1072,1,1073,1784,1
2798,0001,2021-01-15 13:47:27.152,2,1789,1072,1,1073,1784,1
2799,0001,2021-01-15 13:47:28.167,2,1789,1072,1,1073,1784,1
2800,0001,2021-01-15 13:47:29.182,2,1789,1072,1,1073,1784,1
2801,0001,2021-01-15 13:47:30.183,2,1789,1072,1,1073,1784,1
2802,0001,2021-01-15 13:47:31.198,2,1790,1072,0,1073,1785,0
2803,0001,2021-01-15 13:47:32.214,2,1790,1072,1,1073,1785,1
2804,0001,2021-01-15 13:47:33.229,2,1790,1072,1,1073,1785,1
2805,0001,2021-01-15 13:47:34.245,2,1790,1072,1,1073,1785,1
2806,0001,2021-01-15 13:47:35.26,2,1790,1072,1,1073,1785,1
2807,0001,2021-01-15 13:47:36.275,2,1790,1072,2,1073,1785,2
2808,0001,2021-01-15 13:47:37.291,2,1790,1072,2,1073,1785,2
2809,0001,2021-01-15 13:47:38.306,2,1790,1072,3,1073,1785,3
2810,0001,2021-01-15 13:47:39.321,2,1790,1072,3,1073,1785,3
2811,0001,2021-01-15 13:47:40.337,2,1790,1072,3,1073,1785,3
2812,0001,2021-01-15 13:47:41.352,2,1790,1072,3,1073,1785,3
2813,0001,2021-01-15 13:47:42.368,2,1790,1072,4,1073,1785,4
2814,0001,2021-01-15 13:47:43.383,2,1790,1072,4,1073,1785,4
2815,0001,2021-01-15 13:47:44.399,2,1790,1072,4,1073,1785,4
2816,0001,2021-01-15 13:47:45.4,2,1790,1073,3,1074,1785,3
2817,0001,2021-01-15 13:47:46.415,2,1790,1073,4,1074,1785,4
2818,0001,2021-01-15 13:47:47.43,2,1790,1073,4,1074,1785,4
2819,0001,2021-01-15 13:47:48.446,2,1790,1073,4,1074,1785,4
2820,0001,2021-01-15 13:47:49.461,2,1790,1074,2,1075,1785,2
2821,0001,2021-01-15 13:47:50.477,2,1790,1074,2,1075,1785,2
2822,0001,2021-01-15 13:47:51.492,2,1790,1074,2,1075,1785,2
2823,0001,2021-01-15 13:47:52.508,2,1790,1074,2,1075,1785,2
2824,0001,2021-01-15 13:47:53.523,2,1790,1074,2,1075,1785,2
2825,0001,2021-01-15 13:47:54.538,2,1790,1074,3,1075,1785,3
2826,0001,2021-01-15 13:47:55.554,2,1791,1074,2,1075,1786,2
2827,0001,2021-01-15 13:47:56.569,2,1792,1074,1,1075,1787,1
2828,0001,2021-01-15 13:47:57.584,2,1792,1074,1,1075,1787,1
2829,0001,2021-01-15 13:47:58.6,2,1792,1074,1,1075,1787,1
2830,0001,2021-01-15 13:47:59.615,2,1792,1074,1,1075,1787,1
2831,0001,2021-01-15 13:48:00.616,2,1792,1074,2,1075,1787,2
2832,0001,2021-01-15 13:48:01.631,2,1792,1074,2,1075,1787,2
2833,0001,2021-01-15 13:48:02.647,2,1792,1074,2,1075,1787,2
2834,0001,2021-01-15 13:48:03.662,2,1792,1074,2,1075,1787,2
2835,0001,2021-01-15 13:48:04.678,2,1792,1074,2,1075,1787,2
2836,0001,2021-01-15 13:48:05.693,2,1793,1074,1,1075,1788,1
2837,0001,2021-01-15 13:48:06.709,2,1793,1074,2,1075,1788,2
2838,0001,2021-01-15 13:48:07.724,2,1793,1074,2,1075,1788,2
2839,0001,2021-01-15 13:48:08.739,2,1793,1074,2,1075,1788,2
2840,0001,2021-01-15 13:48:10.77,1,1793,1074,4,1075,1788,4
2841,0001,2021-01-15 13:48:11.785,1,1793,1075,3,1076,1788,3
2842,0001,2021-01-15 13:48:12.801,1,1793,1075,4,1076,1788,4
2843,0001,2021-01-15 13:48:13.816,1,1793,1075,2,1076,1788,2
2844,0001,2021-01-15 13:48:14.831,1,1793,1075,2,1076,1788,2
2845,0001,2021-01-15 13:48:15.832,1,1793,1075,2,1076,1788,2
2846,0001,2021-01-15 13:48:16.848,2,1793,1075,3,1076,1788,3
2847,0001,2021-01-15 13:48:17.863,2,1793,1075,3,1076,1788,3
2848,0001,2021-01-15 13:48:18.878,2,1793,1075,3,1076,1788,3
2849,0001,2021-01-15 13:48:19.894,2,1793,1075,1,1076,1788,1
2850,0001,2021-01-15 13:48:20.909,2,1793,1075,1,1076,1788,1
2851,0001,2021-01-15 13:48:21.925,2,1794,1075,0,1076,1789,0
2852,0001,2021-01-15 13:48:22.94,2,1794,1075,0,1076,1789,0
2853,0001,2021-01-15 13:48:23.955,2,1794,1075,1,1076,1789,1
2854,0001,2021-01-15 13:48:24.971,2,1794,1075,2,1076,1789,2
2855,0001,2021-01-15 13:48:25.986,2,1794,1075,3,1076,1789,3
2856,0001,2021-01-15 13:48:27.002,2,1794,1075,3,1076,1789,3
2857,0001,2021-01-15 13:48:28.017,2,1794,1075,3,1076,1789,3
2858,0001,2021-01-15 13:48:29.032,2,1794,1075,3,1076,1789,3
2859,0001,2021-01-15 13:48:30.048,2,1794,1075,4,1076,1789,4
2860,0001,2021-01-15 13:48:31.049,2,1794,1075,5,1076,1789,5
2861,0001,2021-01-15 13:48:32.064,2,1794,1075,5,1076,1789,5
2862,0001,2021-01-15 13:48:33.079,2,1794,1075,5,1076,1789,5
2863,0001,2021-01-15 13:48:34.095,2,1795,1075,6,1076,1790,6
2864,0001,2021-01-15 13:48:35.11,2,1795,1075,6,1076,1790,6
2865,0001,2021-01-15 13:48:36.126,2,1796,1075,6,1076,1791,6
2866,0001,2021-01-15 13:48:37.141,2,1796,1075,7,1076,1791,7
2867,0001,2021-01-15 13:48:38.156,2,1796,1075,7,1076,1791,7
2868,0001,2021-01-15 13:48:39.172,2,1796,1075,7,1076,1791,7
2869,0001,2021-01-15 13:48:40.187,2,1796,1075,7,1076,1791,7
2870,0001,2021-01-15 13:48:41.203,2,1797,1075,6,1076,1792,6
2871,0001,2021-01-15 13:48:42.218,2,1798,1075,5,1076,1793,5
2872,0001,2021-01-15 13:48:43.233,2,1798,1076,4,1077,1793,4
2873,0001,2021-01-15 13:48:44.249,2,1799,1077,2,1078,1794,2
2874,0001,2021-01-15 13:48:45.254,2,1799,1077,2,1078,1794,2
2875,0001,2021-01-15 13:48:46.269,2,1799,1077,2,1078,1794,2
2876,0001,2021-01-15 13:48:47.284,2,1799,1077,3,1078,1794,3
2877,0001,2021-01-15 13:48:48.3,2,1799,1077,3,1078,1794,3
2878,0001,2021-01-15 13:48:49.315,2,1799,1078,2,1079,1794,2
2879,0001,2021-01-15 13:48:50.331,2,1799,1078,2,1079,1794,2
2880,0001,2021-01-15 13:48:51.346,2,1799,1078,2,1079,1794,2
2881,0001,2021-01-15 13:48:52.361,2,1799,1078,3,1079,1794,3
2882,0001,2021-01-15 13:48:53.377,2,1799,1078,3,1079,1794,3
2883,0001,2021-01-15 13:48:54.392,2,1799,1078,3,1079,1794,3
2884,0001,2021-01-15 13:48:55.407,2,1799,1078,3,1079,1794,3
2885,0001,2021-01-15 13:48:56.423,2,1799,1078,3,1079,1794,3
2886,0001,2021-01-15 13:48:57.438,2,1800,1079,1,1080,1795,1
2887,0001,2021-01-15 13:48:58.454,2,1800,1079,1,1080,1795,1
2888,0001,2021-01-15 13:48:59.469,2,1800,1079,2,1080,1795,2
2889,0001,2021-01-15 13:49:00.47,2,1800,1079,2,1080,1795,2
2890,0001,2021-01-15 13:49:01.486,2,1800,1079,2,1080,1795,2
2891,0001,2021-01-15 13:49:02.501,2,1800,1079,2,1080,1795,2
2892,0001,2021-01-15 13:49:03.516,2,1800,1080,1,1081,1795,1
2893,0001,2021-01-15 13:49:04.532,2,1800,1080,1,1081,1795,1
2894,0001,2021-01-15 13:49:05.547,2,1800,1081,1,1082,1795,1
2895,0001,2021-01-15 13:49:06.562,2,1800,1081,1,1082,1795,1
2896,0001,2021-01-15 13:49:07.578,2,1800,1081,1,1082,1795,1
2897,0001,2021-01-15 13:49:08.593,2,1800,1081,2,1082,1795,2
2898,0001,2021-01-15 13:49:09.608,2,1800,1081,2,1082,1795,2
2899,0001,2021-01-15 13:49:10.624,2,1800,1081,2,1082,1795,2
2900,0001,2021-01-15 13:49:11.639,2,1800,1081,2,1082,1795,2
2901,0001,2021-01-15 13:49:12.655,2,1800,1081,2,1082,1795,2
2902,0001,2021-01-15 13:49:13.67,2,1800,1081,2,1082,1795,2
2903,0001,2021-01-15 13:49:14.686,2,1800,1081,2,1082,1795,2
2904,0001,2021-01-15 13:49:15.686,2,1800,1082,1,1083,1795,1
2905,0001,2021-01-15 13:49:16.702,2,1800,1082,1,1083,1795,1
2906,0001,2021-01-15 13:49:17.717,2,1800,1082,1,1083,1795,1
2907,0001,2021-01-15 13:49:18.732,2,1800,1083,0,1084,1795,0
2908,0001,2021-01-15 13:49:19.748,2,1800,1083,0,1084,1795,0
2909,0001,2021-01-15 13:49:20.763,2,1800,1083,0,1084,1795,0
2910,0001,2021-01-15 13:49:21.779,2,1800,1083,0,1084,1795,0
2911,0001,2021-01-15 13:49:22.794,2,1800,1083,1,1084,1795,1
2912,0001,2021-01-15 13:49:23.809,2,1800,1083,1,1084,1795,1
2913,0001,2021-01-15 13:49:24.825,2,1800,1083,1,1084,1795,1
2914,0001,2021-01-15 13:49:25.84,2,1800,1083,2,1084,1795,2
2915,0001,2021-01-15 13:49:26.855,2,1800,1083,3,1084,1795,3
2916,0001,2021-01-15 13:49:27.871,2,1800,1083,4,1084,1795,4
2917,0001,2021-01-15 13:49:28.886,2,1800,1083,4,1084,1795,4
2918,0001,2021-01-15 13:49:29.902,2,1800,1083,3,1084,1795,3
2919,0001,2021-01-15 13:49:30.903,2,1800,1083,3,1084,1795,3
2920,0001,2021-01-15 13:49:31.918,2,1800,1083,4,1084,1795,4
2921,0001,2021-01-15 13:49:32.933,2,1800,1083,4,1084,1795,4
2922,0001,2021-01-15 13:49:33.949,2,1800,1083,4,1084,1795,4
2923,0001,2021-01-15 13:49:34.964,2,1800,1083,3,1084,1795,3
2924,0001,2021-01-15 13:49:35.979,2,1800,1083,3,1084,1795,3
2925,0001,2021-01-15 13:49:36.995,2,1800,1083,4,1084,1795,4
2926,0001,2021-01-15 13:49:38.011,2,1802,1083,1,1084,1797,1
2927,0001,2021-01-15 13:49:39.026,2,1802,1083,1,1084,1797,1
2928,0001,2021-01-15 13:49:40.041,2,1802,1083,2,1084,1797,2
2929,0001,2021-01-15 13:49:41.056,2,1802,1083,1,1084,1797,1
2930,0001,2021-01-15 13:49:42.072,2,1802,1083,1,1084,1797,1
2931,0001,2021-01-15 13:49:43.087,2,1802,1083,1,1084,1797,1
2932,0001,2021-01-15 13:49:44.103,2,1802,1083,1,1084,1797,1
2933,0001,2021-01-15 13:49:45.118,2,1802,1083,2,1084,1797,2
2934,0001,2021-01-15 13:49:46.119,2,1802,1083,2,1084,1797,2
2935,0001,2021-01-15 13:49:47.134,2,1802,1083,2,1084,1797,2
2936,0001,2021-01-15 13:49:48.15,2,1802,1083,4,1084,1797,4
2937,0001,2021-01-15 13:49:49.165,2,1802,1083,4,1084,1797,4
2938,0001,2021-01-15 13:49:50.18,2,1802,1083,4,1084,1797,4
2939,0001,2021-01-15 13:49:51.196,2,1802,1083,4,1084,1797,4
2940,0001,2021-01-15 13:49:52.211,2,1802,1084,3,1085,1797,3
2941,0001,2021-01-15 13:49:53.227,2,1802,1084,3,1085,1797,3
2942,0001,2021-01-15 13:49:54.242,2,1802,1084,3,1085,1797,3
2943,0001,2021-01-15 13:49:55.257,2,1803,1084,2,1085,1798,2
2944,0001,2021-01-15 13:49:56.273,2,1803,1084,2,1085,1798,2
2945,0001,2021-01-15 13:49:57.288,2,1803,1084,2,1085,1798,2
2946,0001,2021-01-15 13:49:58.303,2,1804,1084,1,1085,1799,1
2947,0001,2021-01-15 13:49:59.319,2,1804,1084,1,1085,1799,1
2948,0001,2021-01-15 13:50:00.32,2,1805,1084,0,1085,1800,0
2949,0001,2021-01-15 13:50:01.335,2,1805,1084,0,1085,1800,0
2950,0001,2021-01-15 13:50:02.351,2,1805,1084,1,1085,1800,1
2951,0001,2021-01-15 13:50:03.366,2,1805,1084,1,1085,1800,1
2952,0001,2021-01-15 13:50:04.381,2,1805,1084,1,1085,1800,1
2953,0001,2021-01-15 13:50:05.397,2,1805,1084,1,1085,1800,1
2954,0001,2021-01-15 13:50:06.412,2,1805,1084,1,1085,1800,1
2955,0001,2021-01-15 13:50:07.427,2,1805,1084,1,1085,1800,1
2956,0001,2021-01-15 13:50:08.443,2,1805,1084,1,1085,1800,1
2957,0001,2021-01-15 13:50:09.458,2,1805,1084,1,1085,1800,1
2958,0001,2021-01-15 13:50:10.474,2,1805,1084,1,1085,1800,1
2959,0001,2021-01-15 13:50:11.489,2,1806,1084,0,1085,1801,0
2960,0001,2021-01-15 13:50:12.504,2,1806,1084,0,1085,1801,0
2961,0001,2021-01-15 13:50:13.52,2,1806,1084,0,1085,1801,0
2962,0001,2021-01-15 13:50:14.535,2,1806,1084,0,1085,1801,0
2963,0001,2021-01-15 13:50:15.536,2,1806,1084,0,1085,1801,0
2964,0001,2021-01-15 13:50:16.551,2,1806,1084,0,1085,1801,0
2965,0001,2021-01-15 13:50:17.567,2,1806,1084,0,1085,1801,0
2966,0001,2021-01-15 13:50:18.582,2,1806,1084,0,1085,1801,0
2967,0001,2021-01-15 13:50:19.598,2,1806,1084,1,1085,1801,1
2968,0001,2021-01-15 13:50:20.613,2,1806,1084,1,1085,1801,1
2969,0001,2021-01-15 13:50:21.629,2,1806,1084,1,1085,1801,1
2970,0001,2021-01-15 13:50:22.644,2,1806,1084,1,1085,1801,1
2971,0001,2021-01-15 13:50:23.66,2,1806,1084,2,1085,1801,2
2972,0001,2021-01-15 13:50:24.675,2,1806,1084,2,1085,1801,2
2973,0001,2021-01-15 13:50:25.69,2,1806,1084,2,1085,1801,2
2974,0001,2021-01-15 13:50:26.705,2,1806,1084,2,1085,1801,2
2975,0001,2021-01-15 13:50:27.721,2,1806,1084,3,1085,1801,3
2976,0001,2021-01-15 13:50:28.736,2,1806,1085,3,1086,1801,3
2977,0001,2021-01-15 13:50:29.751,2,1806,1085,3,1086,1801,3
2978,0001,2021-01-15 13:50:30.753,2,1806,1085,4,1086,1801,4
2979,0001,2021-01-15 13:50:31.768,2,1806,1085,4,1086,1801,4
2980,0001,2021-01-15 13:50:32.783,2,1806,1086,3,1087,1801,3
2981,0001,2021-01-15 13:50:33.799,2,1806,1086,4,1087,1801,4
2982,0001,2021-01-15 13:50:34.814,2,1806,1086,5,1087,1801,5
2983,0001,2021-01-15 13:50:35.829,2,1806,1086,5,1087,1801,5
2984,0001,2021-01-15 13:50:36.845,2,1806,1086,5,1087,1801,5
2985,0001,2021-01-15 13:50:37.86,2,1806,1086,5,1087,1801,5
2986,0001,2021-01-15 13:50:38.876,2,1806,1086,6,1087,1801,6
2987,0001,2021-01-15 13:50:39.891,2,1806,1086,6,1087,1801,6
2988,0001,2021-01-15 13:50:41.922,1,1806,1086,7,1087,1801,7
2989,0001,2021-01-15 13:50:42.937,1,1806,1087,5,1088,1801,5
2990,0001,2021-01-15 13:50:43.953,1,1806,1087,4,1088,1801,4
2991,0001,2021-01-15 13:50:44.968,1,1806,1087,1,1088,1801,1
2992,0001,2021-01-15 13:50:45.969,1,1806,1087,3,1088,1801,3
2993,0001,2021-01-15 13:50:46.984,1,1806,1087,3,1088,1801,3
2994,0001,2021-01-15 13:50:48,2,1806,1087,4,1088,1801,4
2995,0001,2021-01-15 13:50:49.015,2,1806,1087,3,1088,1801,3
2996,0001,2021-01-15 13:50:50.03,2,1806,1087,3,1088,1801,3
2997,0001,2021-01-15 13:50:51.046,2,1806,1087,2,1088,1801,2
2998,0001,2021-01-15 13:50:52.061,2,1806,1087,2,1088,1801,2
2999,0001,2021-01-15 13:50:53.077,2,1806,1087,2,1088,1801,2
3000,0001,2021-01-15 13:50:54.092,2,1806,1088,1,1089,1801,1
3001,0001,2021-01-15 13:50:55.107,2,1806,1088,1,1089,1801,1
3002,0001,2021-01-15 13:50:56.123,2,1807,1088,0,1089,1802,0
3003,0001,2021-01-15 13:50:57.138,2,1807,1088,0,1089,1802,0
3004,0001,2021-01-15 13:50:58.154,2,1807,1088,0,1089,1802,0
3005,0001,2021-01-15 13:50:59.169,2,1807,1088,0,1089,1802,0
3006,0001,2021-01-15 13:51:00.175,2,1807,1088,0,1089,1802,0
3007,0001,2021-01-15 13:51:01.19,2,1807,1088,0,1089,1802,0
3008,0001,2021-01-15 13:51:02.206,2,1807,1088,1,1089,1802,1
3009,0001,2021-01-15 13:51:03.221,2,1807,1088,1,1089,1802,1
3010,0001,2021-01-15 13:51:04.236,2,1807,1088,1,1089,1802,1
3011,0001,2021-01-15 13:51:05.252,2,1807,1088,1,1089,1802,1
3012,0001,2021-01-15 13:51:06.267,2,1807,1088,1,1089,1802,1
3013,0001,2021-01-15 13:51:07.283,2,1807,1088,1,1089,1802,1
3014,0001,2021-01-15 13:51:08.298,2,1807,1088,1,1089,1802,1
3015,0001,2021-01-15 13:51:09.313,2,1807,1088,1,1089,1802,1
3016,0001,2021-01-15 13:51:10.329,2,1807,1088,1,1089,1802,1
3017,0001,2021-01-15 13:51:11.344,2,1807,1089,0,1090,1802,0
3018,0001,2021-01-15 13:51:12.359,2,1807,1089,0,1090,1802,0
3019,0001,2021-01-15 13:51:13.375,2,1807,1089,1,1090,1802,1
3020,0001,2021-01-15 13:51:14.39,2,1807,1089,2,1090,1802,2
3021,0001,2021-01-15 13:51:15.391,2,1807,1089,2,1090,1802,2
3022,0001,2021-01-15 13:51:16.407,2,1807,1089,2,1090,1802,2
3023,0001,2021-01-15 13:51:17.422,2,1807,1089,2,1090,1802,2
3024,0001,2021-01-15 13:51:18.437,2,1807,1089,2,1090,1802,2
3025,0001,2021-01-15 13:51:19.453,2,1807,1089,2,1090,1802,2
3026,0001,2021-01-15 13:51:20.468,2,1807,1089,2,1090,1802,2
3027,0001,2021-01-15 13:51:21.483,2,1807,1089,2,1090,1802,2
3028,0001,2021-01-15 13:51:22.499,2,1808,1089,1,1090,1803,1
3029,0001,2021-01-15 13:51:23.514,2,1808,1089,1,1090,1803,1
3030,0001,2021-01-15 13:51:24.53,2,1809,1089,0,1090,1804,0
3031,0001,2021-01-15 13:51:25.545,2,1809,1089,0,1090,1804,0
3032,0001,2021-01-15 13:51:26.56,2,1809,1089,0,1090,1804,0
3033,0001,2021-01-15 13:51:27.576,2,1809,1089,0,1090,1804,0
3034,0001,2021-01-15 13:51:28.591,2,1809,1089,0,1090,1804,0
3035,0001,2021-01-15 13:51:29.607,2,1809,1089,0,1090,1804,0
3036,0001,2021-01-15 13:51:30.607,2,1809,1089,0,1090,1804,0
3037,0001,2021-01-15 13:51:31.623,2,1809,1089,0,1090,1804,0
3038,0001,2021-01-15 13:51:32.638,2,1809,1089,1,1090,1804,1
3039,0001,2021-01-15 13:51:33.654,2,1809,1089,2,1090,1804,2
3040,0001,2021-01-15 13:51:34.669,2,1809,1089,3,1090,1804,3
3041,0001,2021-01-15 13:51:35.684,2,1809,1089,4,1090,1804,4
3042,0001,2021-01-15 13:51:36.7,2,1809,1089,5,1090,1804,5
3043,0001,2021-01-15 13:51:37.715,2,1809,1089,6,1090,1804,6
3044,0001,2021-01-15 13:51:38.731,2,1809,1089,6,1090,1804,6
3045,0001,2021-01-15 13:51:39.746,2,1809,1089,7,1090,1804,7
3046,0001,2021-01-15 13:51:40.762,2,1809,1089,7,1090,1804,7
3047,0001,2021-01-15 13:51:41.777,2,1809,1089,7,1090,1804,7
3048,0001,2021-01-15 13:51:42.792,2,1809,1090,6,1091,1804,6
3049,0001,2021-01-15 13:51:43.808,2,1809,1090,6,1091,1804,6
3050,0001,2021-01-15 13:51:44.823,2,1811,1090,4,1091,1806,4
3051,0001,2021-01-15 13:51:45.824,2,1811,1090,4,1091,1806,4
3052,0001,2021-01-15 13:51:46.84,2,1811,1090,4,1091,1806,4
3053,0001,2021-01-15 13:51:47.855,2,1812,1090,1,1091,1807,1
3054,0001,2021-01-15 13:51:48.87,2,1812,1090,1,1091,1807,1
3055,0001,2021-01-15 13:51:49.886,2,1812,1091,2,1092,1807,2
3056,0001,2021-01-15 13:51:50.901,2,1812,1091,3,1092,1807,3
3057,0001,2021-01-15 13:51:51.917,2,1812,1091,4,1092,1807,4
3058,0001,2021-01-15 13:51:52.932,2,1812,1091,3,1092,1807,3
3059,0001,2021-01-15 13:51:53.947,2,1812,1091,3,1092,1807,3
3060,0001,2021-01-15 13:51:54.963,2,1812,1091,3,1092,1807,3
3061,0001,2021-01-15 13:51:55.978,2,1812,1091,3,1092,1807,3
3062,0001,2021-01-15 13:51:56.994,2,1812,1091,3,1092,1807,3
3063,0001,2021-01-15 13:51:58.009,2,1812,1091,3,1092,1807,3
3064,0001,2021-01-15 13:51:59.024,2,1812,1091,3,1092,1807,3
3065,0001,2021-01-15 13:52:00.04,2,1812,1091,3,1092,1807,3
3066,0001,2021-01-15 13:52:01.041,2,1812,1092,2,1093,1807,2
3067,0001,2021-01-15 13:52:02.056,2,1812,1092,3,1093,1807,3
3068,0001,2021-01-15 13:52:03.071,2,1812,1093,2,1094,1807,2
3069,0001,2021-01-15 13:52:04.087,2,1812,1093,1,1094,1807,1
3070,0001,2021-01-15 13:52:05.102,2,1812,1093,1,1094,1807,1
3071,0001,2021-01-15 13:52:06.118,2,1812,1093,1,1094,1807,1
3072,0001,2021-01-15 13:52:07.133,2,1812,1093,1,1094,1807,1
3073,0001,2021-01-15 13:52:08.148,2,1812,1093,1,1094,1807,1
3074,0001,2021-01-15 13:52:09.164,2,1812,1093,2,1094,1807,2
3075,0001,2021-01-15 13:52:10.179,2,1812,1094,1,1095,1807,1
3076,0001,2021-01-15 13:52:11.195,2,1812,1094,1,1095,1807,1
3077,0001,2021-01-15 13:52:12.21,2,1812,1094,1,1095,1807,1
3078,0001,2021-01-15 13:52:13.225,2,1812,1094,2,1095,1807,2
3079,0001,2021-01-15 13:52:14.241,2,1812,1094,2,1095,1807,2
3080,0001,2021-01-15 13:52:15.242,2,1812,1094,2,1095,1807,2
3081,0001,2021-01-15 13:52:16.257,2,1812,1094,2,1095,1807,2
3082,0001,2021-01-15 13:52:17.272,2,1812,1094,2,1095,1807,2
3083,0001,2021-01-15 13:52:18.288,2,1812,1094,2,1095,1807,2
3084,0001,2021-01-15 13:52:19.303,2,1812,1095,1,1096,1807,1
3085,0001,2021-01-15 13:52:20.319,2,1812,1095,1,1096,1807,1
3086,0001,2021-01-15 13:52:21.334,2,1812,1095,1,1096,1807,1
3087,0001,2021-01-15 13:52:22.349,2,1812,1095,2,1096,1807,2
3088,0001,2021-01-15 13:52:23.365,2,1812,1095,2,1096,1807,2
3089,0001,2021-01-15 13:52:24.38,2,1812,1095,2,1096,1807,2
3090,0001,2021-01-15 13:52:25.396,2,1812,1096,1,1097,1807,1
3091,0001,2021-01-15 13:52:26.411,2,1812,1096,1,1097,1807,1
3092,0001,2021-01-15 13:52:27.426,2,1812,1096,2,1097,1807,2
3093,0001,2021-01-15 13:52:28.442,2,1812,1096,2,1097,1807,2
3094,0001,2021-01-15 13:52:29.457,2,1812,1096,2,1097,1807,2
3095,0001,2021-01-15 13:52:30.458,2,1812,1096,3,1097,1807,3
3096,0001,2021-01-15 13:52:31.473,2,1812,1096,3,1097,1807,3
3097,0001,2021-01-15 13:52:32.489,2,1812,1096,3,1097,1807,3
3098,0001,2021-01-15 13:52:33.504,2,1812,1096,3,1097,1807,3
3099,0001,2021-01-15 13:52:34.52,2,1812,1096,5,1097,1807,5
3100,0001,2021-01-15 13:52:35.535,2,1812,1096,5,1097,1807,5
3101,0001,2021-01-15 13:52:36.55,2,1813,1096,5,1097,1808,5
3102,0001,2021-01-15 13:52:37.566,2,1814,1096,4,1097,1809,4
3103,0001,2021-01-15 13:52:38.581,2,1814,1096,4,1097,1809,4
3104,0001,2021-01-15 13:52:39.596,2,1814,1096,3,1097,1809,3
3105,0001,2021-01-15 13:52:40.597,2,1815,1096,2,1097,1810,2
3106,0001,2021-01-15 13:52:41.612,2,1815,1096,2,1097,1810,2
3107,0001,2021-01-15 13:52:42.627,2,1815,1096,2,1097,1810,2
3108,0001,2021-01-15 13:52:43.642,2,1815,1096,2,1097,1810,2
3109,0001,2021-01-15 13:52:44.658,2,1815,1096,3,1097,1810,3
3110,0001,2021-01-15 13:52:45.659,2,1815,1096,2,1097,1810,2
3111,0001,2021-01-15 13:52:46.674,2,1816,1096,1,1097,1811,1
3112,0001,2021-01-15 13:52:47.69,2,1816,1096,1,1097,1811,1
3113,0001,2021-01-15 13:52:48.705,2,1816,1096,1,1097,1811,1
3114,0001,2021-01-15 13:52:49.721,2,1816,1096,1,1097,1811,1
3115,0001,2021-01-15 13:52:50.736,2,1816,1096,1,1097,1811,1
3116,0001,2021-01-15 13:52:51.751,2,1816,1096,1,1097,1811,1
3117,0001,2021-01-15 13:52:52.767,2,1816,1096,2,1097,1811,2
3118,0001,2021-01-15 13:52:53.782,2,1816,1096,2,1097,1811,2
3119,0001,2021-01-15 13:52:54.797,2,1816,1096,2,1097,1811,2
3120,0001,2021-01-15 13:52:55.813,2,1816,1096,2,1097,1811,2
3121,0001,2021-01-15 13:52:56.828,2,1816,1096,2,1097,1811,2
3122,0001,2021-01-15 13:52:57.844,2,1816,1096,2,1097,1811,2
3123,0001,2021-01-15 13:52:58.859,2,1816,1096,2,1097,1811,2
3124,0001,2021-01-15 13:52:59.874,2,1817,1096,1,1097,1812,1
3125,0001,2021-01-15 13:53:00.876,2,1817,1096,1,1097,1812,1
3126,0001,2021-01-15 13:53:01.891,2,1817,1096,1,1097,1812,1
3127,0001,2021-01-15 13:53:02.907,2,1817,1096,1,1097,1812,1
3128,0001,2021-01-15 13:53:03.922,2,1818,1096,0,1097,1813,0
3129,0001,2021-01-15 13:53:04.938,2,1818,1096,0,1097,1813,0
3130,0001,2021-01-15 13:53:05.953,2,1818,1096,0,1097,1813,0
3131,0001,2021-01-15 13:53:06.968,2,1818,1096,0,1097,1813,0
3132,0001,2021-01-15 13:53:07.983,2,1818,1096,0,1097,1813,0
3133,0001,2021-01-15 13:53:08.999,2,1818,1096,0,1097,1813,0
3134,0001,2021-01-15 13:53:10.014,2,1818,1096,0,1097,1813,0
3135,0001,2021-01-15 13:53:11.03,2,1818,1096,0,1097,1813,0
3136,0001,2021-01-15 13:53:12.045,2,1818,1096,2,1097,1813,2
3137,0001,2021-01-15 13:53:13.06,2,1818,1096,3,1097,1813,3
3138,0001,2021-01-15 13:53:14.076,2,1818,1096,2,1097,1813,2
3139,0001,2021-01-15 13:53:15.091,2,1818,1096,3,1097,1813,3
3140,0001,2021-01-15 13:53:16.096,2,1818,1096,3,1097,1813,3
3141,0001,2021-01-15 13:53:17.111,2,1818,1096,4,1097,1813,4
3142,0001,2021-01-15 13:53:18.127,2,1818,1096,4,1097,1813,4
3143,0001,2021-01-15 13:53:19.143,2,1818,1096,4,1097,1813,4
3144,0001,2021-01-15 13:53:20.158,2,1818,1096,4,1097,1813,4
3145,0001,2021-01-15 13:53:21.173,2,1818,1096,4,1097,1813,4
3146,0001,2021-01-15 13:53:22.188,2,1818,1096,4,1097,1813,4
3147,0001,2021-01-15 13:53:23.204,2,1819,1096,3,1097,1814,3
3148,0001,2021-01-15 13:53:24.219,2,1819,1096,4,1097,1814,4
3149,0001,2021-01-15 13:53:25.235,2,1819,1096,3,1097,1814,3
3150,0001,2021-01-15 13:53:26.25,2,1820,1096,2,1097,1815,2
3151,0001,2021-01-15 13:53:27.265,2,1820,1097,1,1098,1815,1
3152,0001,2021-01-15 13:53:28.281,2,1820,1097,2,1098,1815,2
3153,0001,2021-01-15 13:53:29.296,2,1820,1097,2,1098,1815,2
3154,0001,2021-01-15 13:53:30.297,2,1820,1097,2,1098,1815,2
3155,0001,2021-01-15 13:53:31.312,2,1820,1097,2,1098,1815,2
3156,0001,2021-01-15 13:53:32.328,2,1820,1097,2,1098,1815,2
3157,0001,2021-01-15 13:53:33.343,2,1820,1097,2,1098,1815,2
3158,0001,2021-01-15 13:53:34.359,2,1820,1098,2,1099,1815,2
3159,0001,2021-01-15 13:53:35.374,2,1820,1098,2,1099,1815,2
3160,0001,2021-01-15 13:53:36.389,2,1820,1098,2,1099,1815,2
3161,0001,2021-01-15 13:53:37.405,2,1820,1098,2,1099,1815,2
3162,0001,2021-01-15 13:53:38.42,2,1820,1098,2,1099,1815,2
3163,0001,2021-01-15 13:53:39.436,2,1820,1099,1,1100,1815,1
3164,0001,2021-01-15 13:53:40.436,2,1820,1099,1,1100,1815,1
3165,0001,2021-01-15 13:53:41.451,2,1820,1099,1,1100,1815,1
3166,0001,2021-01-15 13:53:42.466,2,1820,1099,1,1100,1815,1
3167,0001,2021-01-15 13:53:43.482,2,1820,1100,0,1101,1815,0
3168,0001,2021-01-15 13:53:44.497,2,1820,1100,0,1101,1815,0
3169,0001,2021-01-15 13:53:45.498,2,1820,1100,0,1101,1815,0
3170,0001,2021-01-15 13:53:46.514,2,1820,1100,0,1101,1815,0
3171,0001,2021-01-15 13:53:47.529,2,1820,1100,0,1101,1815,0
3172,0001,2021-01-15 13:53:48.544,2,1820,1100,0,1101,1815,0
3173,0001,2021-01-15 13:53:49.56,2,1820,1100,0,1101,1815,0
3174,0001,2021-01-15 13:53:50.575,2,1820,1100,0,1101,1815,0
3175,0001,2021-01-15 13:53:51.591,2,1820,1100,0,1101,1815,0
3176,0001,2021-01-15 13:53:52.606,2,1820,1100,0,1101,1815,0
3177,0001,2021-01-15 13:53:53.621,2,1820,1100,0,1101,1815,0
3178,0001,2021-01-15 13:53:54.637,2,1820,1100,0,1101,1815,0
3179,0001,2021-01-15 13:53:55.652,2,1820,1100,0,1101,1815,0
3180,0001,2021-01-15 13:53:56.667,2,1820,1100,0,1101,1815,0
3181,0001,2021-01-15 13:53:57.683,2,1820,1100,0,1101,1815,0
3182,0001,2021-01-15 13:53:58.698,2,1820,1100,0,1101,1815,0
3183,0001,2021-01-15 13:53:59.714,2,1820,1100,0,1101,1815,0
3184,0001,2021-01-15 13:54:00.715,2,1820,1100,0,1101,1815,0
3185,0001,2021-01-15 13:54:01.73,2,1820,1100,0,1101,1815,0
3186,0001,2021-01-15 13:54:03.761,2,1820,1100,0,1101,1815,0
3187,0001,2021-01-15 13:54:04.776,2,1820,1100,0,1101,1815,0
3188,0001,2021-01-15 13:54:05.786,2,1820,1100,0,1101,1815,0
3189,0001,2021-01-15 13:54:06.801,2,1820,1100,0,1101,1815,0
3190,0001,2021-01-15 13:54:07.817,2,1820,1100,0,1101,1815,0
3191,0001,2021-01-15 13:54:08.832,2,1820,1100,0,1101,1815,0
3192,0001,2021-01-15 13:54:09.847,2,1820,1100,0,1101,1815,0
3193,0001,2021-01-15 13:54:10.863,2,1820,1100,0,1101,1815,0
3194,0001,2021-01-15 13:54:11.878,2,1820,1100,0,1101,1815,0
3195,0001,2021-01-15 13:54:12.894,2,1820,1100,0,1101,1815,0
3196,0001,2021-01-15 13:54:13.909,2,1820,1100,0,1101,1815,0
3197,0001,2021-01-15 13:54:14.924,2,1820,1100,2,1101,1815,2
3198,0001,2021-01-15 13:54:15.925,2,1820,1100,2,1101,1815,2
3199,0001,2021-01-15 13:54:16.941,2,1820,1100,2,1101,1815,2
3200,0001,2021-01-15 13:54:17.956,2,1820,1100,2,1101,1815,2
3201,0001,2021-01-15 13:54:18.972,2,1820,1100,2,1101,1815,2
3202,0001,2021-01-15 13:54:19.987,2,1820,1100,3,1101,1815,3
3203,0001,2021-01-15 13:54:21.002,2,1820,1100,4,1101,1815,4
3204,0001,2021-01-15 13:54:22.018,2,1820,1100,4,1101,1815,4
3205,0001,2021-01-15 13:54:23.033,2,1820,1100,5,1101,1815,5
3206,0001,2021-01-15 13:54:24.048,2,1820,1100,5,1101,1815,5
3207,0001,2021-01-15 13:54:25.064,2,1820,1100,4,1101,1815,4
3208,0001,2021-01-15 13:54:26.079,2,1822,1100,2,1101,1817,2
3209,0001,2021-01-15 13:54:27.095,2,1822,1100,1,1101,1817,1
3210,0001,2021-01-15 13:54:28.095,2,1822,1100,1,1101,1817,1
3211,0001,2021-01-15 13:54:29.11,2,1822,1100,1,1101,1817,1
3212,0001,2021-01-15 13:54:30.125,2,1822,1101,0,1102,1817,0
3213,0001,2021-01-15 13:54:31.126,2,1822,1101,0,1102,1817,0
3214,0001,2021-01-15 13:54:32.141,2,1822,1101,0,1102,1817,0
3215,0001,2021-01-15 13:54:33.157,2,1822,1101,1,1102,1817,1
3216,0001,2021-01-15 13:54:34.172,2,1822,1101,1,1102,1817,1
3217,0001,2021-01-15 13:54:35.188,2,1822,1101,3,1102,1817,3
3218,0001,2021-01-15 13:54:36.203,2,1822,1101,3,1102,1817,3
3219,0001,2021-01-15 13:54:37.218,2,1822,1101,3,1102,1817,3
3220,0001,2021-01-15 13:54:38.234,2,1822,1101,3,1102,1817,3
3221,0001,2021-01-15 13:54:39.249,2,1822,1101,3,1102,1817,3
3222,0001,2021-01-15 13:54:40.264,2,1822,1101,3,1102,1817,3
3223,0001,2021-01-15 13:54:41.28,2,1822,1101,3,1102,1817,3
3224,0001,2021-01-15 13:54:42.295,2,1822,1101,3,1102,1817,3
3225,0001,2021-01-15 13:54:43.311,2,1822,1101,4,1102,1817,4
3226,0001,2021-01-15 13:54:44.326,2,1822,1101,4,1102,1817,4
3227,0001,2021-01-15 13:54:45.327,2,1822,1102,4,1103,1817,4
3228,0001,2021-01-15 13:54:46.342,2,1822,1104,1,1105,1817,1
3229,0001,2021-01-15 13:54:47.343,2,1822,1104,1,1105,1817,1
3230,0001,2021-01-15 13:54:48.358,2,1822,1104,1,1105,1817,1
3231,0001,2021-01-15 13:54:49.373,2,1822,1104,1,1105,1817,1
3232,0001,2021-01-15 13:54:50.388,2,1822,1104,1,1105,1817,1
3233,0001,2021-01-15 13:54:51.404,2,1822,1104,1,1105,1817,1
3234,0001,2021-01-15 13:54:52.419,2,1822,1104,1,1105,1817,1
3235,0001,2021-01-15 13:54:53.435,2,1822,1105,0,1106,1817,0
3236,0001,2021-01-15 13:54:54.45,2,1822,1105,0,1106,1817,0
3237,0001,2021-01-15 13:54:55.465,2,1822,1105,0,1106,1817,0
3238,0001,2021-01-15 13:54:56.481,2,1822,1105,1,1106,1817,1
3239,0001,2021-01-15 13:54:57.496,2,1822,1105,1,1106,1817,1
3240,0001,2021-01-15 13:54:58.511,2,1822,1105,1,1106,1817,1
3241,0001,2021-01-15 13:54:59.527,2,1822,1105,1,1106,1817,1
3242,0001,2021-01-15 13:55:00.528,2,1822,1105,1,1106,1817,1
3243,0001,2021-01-15 13:55:01.543,2,1822,1105,1,1106,1817,1
3244,0001,2021-01-15 13:55:02.559,2,1822,1105,1,1106,1817,1
3245,0001,2021-01-15 13:55:03.574,2,1822,1105,1,1106,1817,1
3246,0001,2021-01-15 13:55:04.589,2,1822,1105,1,1106,1817,1
3247,0001,2021-01-15 13:55:05.605,2,1822,1105,1,1106,1817,1
3248,0001,2021-01-15 13:55:06.62,2,1822,1105,1,1106,1817,1
3249,0001,2021-01-15 13:55:07.635,2,1822,1105,1,1106,1817,1
3250,0001,2021-01-15 13:55:08.651,2,1822,1105,2,1106,1817,2
3251,0001,2021-01-15 13:55:09.666,2,1823,1105,1,1106,1818,1
3252,0001,2021-01-15 13:55:10.682,2,1823,1105,1,1106,1818,1
3253,0001,2021-01-15 13:55:11.697,2,1823,1105,1,1106,1818,1
3254,0001,2021-01-15 13:55:12.712,2,1823,1105,1,1106,1818,1
3255,0001,2021-01-15 13:55:13.728,2,1823,1105,1,1106,1818,1
3256,0001,2021-01-15 13:55:14.743,2,1823,1105,1,1106,1818,1
3257,0001,2021-01-15 13:55:15.745,2,1823,1105,1,1106,1818,1
3258,0001,2021-01-15 13:55:16.76,2,1823,1105,1,1106,1818,1
3259,0001,2021-01-15 13:55:17.775,2,1824,1105,0,1106,1819,0
3260,0001,2021-01-15 13:55:18.791,2,1824,1105,0,1106,1819,0
3261,0001,2021-01-15 13:55:19.806,2,1824,1105,0,1106,1819,0
3262,0001,2021-01-15 13:55:20.821,2,1824,1105,0,1106,1819,0
3263,0001,2021-01-15 13:55:21.837,2,1824,1105,0,1106,1819,0
3264,0001,2021-01-15 13:55:22.852,2,1824,1105,0,1106,1819,0
3265,0001,2021-01-15 13:55:23.868,2,1824,1105,0,1106,1819,0
3266,0001,2021-01-15 13:55:24.883,2,1824,1105,0,1106,1819,0
3267,0001,2021-01-15 13:55:25.898,2,1824,1105,0,1106,1819,0
3268,0001,2021-01-15 13:55:26.914,2,1824,1105,0,1106,1819,0
3269,0001,2021-01-15 13:55:27.929,2,1824,1105,0,1106,1819,0
3270,0001,2021-01-15 13:55:28.944,2,1824,1105,0,1106,1819,0
3271,0001,2021-01-15 13:55:29.96,2,1824,1105,0,1106,1819,0
3272,0001,2021-01-15 13:55:30.965,2,1824,1105,1,1106,1819,1
3273,0001,2021-01-15 13:55:31.98,2,1824,1105,1,1106,1819,1
3274,0001,2021-01-15 13:55:32.996,2,1824,1105,1,1106,1819,1
3275,0001,2021-01-15 13:55:34.011,2,1824,1105,1,1106,1819,1
3276,0001,2021-01-15 13:55:35.026,2,1824,1105,1,1106,1819,1
3277,0001,2021-01-15 13:55:36.042,2,1824,1105,1,1106,1819,1
3278,0001,2021-01-15 13:55:37.057,2,1824,1105,1,1106,1819,1
3279,0001,2021-01-15 13:55:38.073,2,1824,1105,1,1106,1819,1
3280,0001,2021-01-15 13:55:39.088,2,1824,1105,1,1106,1819,1
3281,0001,2021-01-15 13:55:40.103,2,1824,1105,1,1106,1819,1
3282,0001,2021-01-15 13:55:41.119,2,1824,1106,0,1107,1819,0
3283,0001,2021-01-15 13:55:42.134,2,1824,1106,0,1107,1819,0
3284,0001,2021-01-15 13:55:43.15,2,1824,1106,0,1107,1819,0
3285,0001,2021-01-15 13:55:44.165,2,1824,1106,0,1107,1819,0
3286,0001,2021-01-15 13:55:45.181,2,1824,1106,0,1107,1819,0
3287,0001,2021-01-15 13:55:46.197,2,1824,1106,0,1107,1819,0
3288,0001,2021-01-15 13:55:47.212,2,1824,1106,1,1107,1819,1
3289,0001,2021-01-15 13:55:48.227,2,1824,1106,2,1107,1819,2
3290,0001,2021-01-15 13:55:49.243,2,1824,1106,2,1107,1819,2
3291,0001,2021-01-15 13:55:50.258,2,1824,1106,2,1107,1819,2
3292,0001,2021-01-15 13:55:51.274,2,1824,1106,4,1107,1819,4
3293,0001,2021-01-15 13:55:52.289,2,1825,1106,2,1107,1819,2
3294,0001,2021-01-15 13:55:53.304,2,1825,1106,3,1107,1819,3
3295,0001,2021-01-15 13:55:54.32,2,1825,1106,3,1107,1819,3
3296,0001,2021-01-15 13:55:55.335,2,1825,1106,3,1107,1819,3
3297,0001,2021-01-15 13:55:56.351,2,1826,1106,1,1107,1820,1
3298,0001,2021-01-15 13:55:57.366,2,1826,1106,2,1107,1820,2
3299,0001,2021-01-15 13:55:58.381,2,1826,1106,2,1107,1820,2
3300,0001,2021-01-15 13:55:59.397,2,1826,1106,1,1107,1821,1
3301,0001,2021-01-15 13:56:00.398,2,1826,1106,1,1107,1821,1
3302,0001,2021-01-15 13:56:01.413,2,1826,1106,1,1107,1821,1
3303,0001,2021-01-15 13:56:02.428,2,1826,1106,1,1107,1821,1
3304,0001,2021-01-15 13:56:03.444,2,1826,1106,1,1107,1821,1
3305,0001,2021-01-15 13:56:04.459,2,1826,1106,1,1107,1821,1
3306,0001,2021-01-15 13:56:05.475,2,1826,1106,1,1107,1821,1
3307,0001,2021-01-15 13:56:06.49,2,1826,1106,1,1107,1821,1
3308,0001,2021-01-15 13:56:07.505,2,1826,1106,1,1107,1821,1
3309,0001,2021-01-15 13:56:08.521,2,1826,1107,0,1108,1821,0
3310,0001,2021-01-15 13:56:09.536,2,1826,1107,0,1108,1821,0
3311,0001,2021-01-15 13:56:10.551,2,1826,1107,0,1108,1821,0
3312,0001,2021-01-15 13:56:11.567,2,1826,1107,0,1108,1821,0
3313,0001,2021-01-15 13:56:12.582,2,1826,1107,0,1108,1821,0
3314,0001,2021-01-15 13:56:13.598,2,1826,1107,0,1108,1821,0
3315,0001,2021-01-15 13:56:14.613,2,1826,1107,1,1108,1821,1
3316,0001,2021-01-15 13:56:15.614,2,1826,1107,1,1108,1821,1
3317,0001,2021-01-15 13:56:16.629,2,1826,1107,1,1108,1821,1
3318,0001,2021-01-15 13:56:17.645,2,1826,1107,1,1108,1821,1
3319,0001,2021-01-15 13:56:18.66,2,1826,1107,1,1108,1821,1
3320,0001,2021-01-15 13:56:19.675,2,1826,1107,1,1108,1821,1
3321,0001,2021-01-15 13:56:20.691,2,1826,1107,1,1108,1821,1
3322,0001,2021-01-15 13:56:21.706,2,1826,1107,1,1108,1821,1
3323,0001,2021-01-15 13:56:22.722,2,1826,1107,1,1108,1821,1
3324,0001,2021-01-15 13:56:23.737,2,1826,1107,2,1108,1821,2
3325,0001,2021-01-15 13:56:24.752,2,1827,1107,1,1108,1822,1
3326,0001,2021-01-15 13:56:25.768,2,1827,1107,1,1108,1822,1
3327,0001,2021-01-15 13:56:26.783,2,1827,1107,1,1108,1822,1
3328,0001,2021-01-15 13:56:27.798,2,1827,1107,1,1108,1822,1
3329,0001,2021-01-15 13:56:28.814,2,1827,1107,1,1108,1822,1
3330,0001,2021-01-15 13:56:29.829,2,1827,1107,1,1108,1822,1
3331,0001,2021-01-15 13:56:30.83,2,1827,1107,1,1108,1822,1
3332,0001,2021-01-15 13:56:31.846,2,1827,1107,1,1108,1822,1
3333,0001,2021-01-15 13:56:32.861,2,1827,1107,1,1108,1822,1
3334,0001,2021-01-15 13:56:33.876,2,1827,1107,1,1108,1822,1
3335,0001,2021-01-15 13:56:34.892,2,1827,1108,0,1109,1822,0
3336,0001,2021-01-15 13:56:35.907,2,1827,1108,0,1109,1822,0
3337,0001,2021-01-15 13:56:36.923,2,1827,1108,0,1109,1822,0
3338,0001,2021-01-15 13:56:37.938,2,1827,1108,0,1109,1822,0
3339,0001,2021-01-15 13:56:38.953,2,1827,1108,0,1109,1822,0
3340,0001,2021-01-15 13:56:39.969,2,1827,1108,0,1109,1822,0
3341,0001,2021-01-15 13:56:40.984,2,1827,1108,2,1109,1822,2
3342,0001,2021-01-15 13:56:42,2,1827,1108,3,1109,1822,3
3343,0001,2021-01-15 13:56:43.015,2,1827,1108,4,1109,1822,4
3344,0001,2021-01-15 13:56:44.031,2,1827,1108,4,1109,1822,4
3345,0001,2021-01-15 13:56:45.046,2,1827,1108,5,1109,1822,5
3346,0001,2021-01-15 13:56:46.047,2,1827,1108,5,1109,1822,5
3347,0001,2021-01-15 13:56:47.063,2,1827,1108,5,1109,1822,5
3348,0001,2021-01-15 13:56:48.078,2,1827,1108,5,1109,1822,5
3349,0001,2021-01-15 13:56:49.093,2,1827,1108,6,1109,1822,6
3350,0001,2021-01-15 13:56:50.109,2,1827,1108,5,1109,1822,5
3351,0001,2021-01-15 13:56:51.124,2,1827,1108,4,1109,1822,4
3352,0001,2021-01-15 13:56:52.14,2,1827,1109,3,1110,1822,3
3353,0001,2021-01-15 13:56:53.155,2,1828,1109,2,1110,1823,2
3354,0001,2021-01-15 13:56:54.17,2,1828,1109,0,1110,1823,0
3355,0001,2021-01-15 13:56:55.186,2,1828,1109,0,1110,1823,0
3356,0001,2021-01-15 13:56:56.201,2,1828,1109,0,1110,1823,0
3357,0001,2021-01-15 13:56:57.217,2,1828,1109,1,1110,1823,1
3358,0001,2021-01-15 13:56:58.232,2,1828,1109,1,1110,1823,1
3359,0001,2021-01-15 13:56:59.247,2,1828,1109,1,1110,1823,1
3360,0001,2021-01-15 13:57:00.248,2,1828,1109,1,1110,1823,1
3361,0001,2021-01-15 13:57:01.264,2,1828,1109,1,1110,1823,1
3362,0001,2021-01-15 13:57:02.279,2,1828,1109,1,1110,1823,1
3363,0001,2021-01-15 13:57:03.294,2,1828,1109,1,1110,1823,1
3364,0001,2021-01-15 13:57:04.31,2,1828,1109,1,1110,1823,1
3365,0001,2021-01-15 13:57:05.325,2,1828,1109,1,1110,1823,1
3366,0001,2021-01-15 13:57:06.341,2,1829,1109,0,1110,1824,0
3367,0001,2021-01-15 13:57:07.356,2,1829,1109,0,1110,1824,0
3368,0001,2021-01-15 13:57:08.371,2,1829,1109,0,1110,1824,0
3369,0001,2021-01-15 13:57:09.387,2,1829,1109,0,1110,1824,0
3370,0001,2021-01-15 13:57:10.402,2,1829,1109,0,1110,1824,0
3371,0001,2021-01-15 13:57:11.418,2,1829,1109,0,1110,1824,0
3372,0001,2021-01-15 13:57:12.418,2,1829,1109,0,1110,1824,0
3373,0001,2021-01-15 13:57:13.433,2,1829,1109,0,1110,1824,0
3374,0001,2021-01-15 13:57:14.448,2,1829,1109,0,1110,1824,0
3375,0001,2021-01-15 13:57:15.451,2,1829,1109,0,1110,1824,0
3376,0001,2021-01-15 13:57:16.466,2,1829,1109,0,1110,1824,0
3377,0001,2021-01-15 13:57:17.473,2,1829,1109,1,1110,1824,1
3378,0001,2021-01-15 13:57:18.488,2,1829,1109,1,1110,1824,1
3379,0001,2021-01-15 13:57:19.489,2,1829,1109,1,1110,1824,1
3380,0001,2021-01-15 13:57:20.502,2,1829,1109,1,1110,1824,1
3381,0001,2021-01-15 13:57:21.503,2,1829,1109,1,1110,1824,1
3382,0001,2021-01-15 13:57:22.518,2,1829,1109,1,1110,1824,1
3383,0001,2021-01-15 13:57:23.534,2,1829,1109,1,1110,1824,1
3384,0001,2021-01-15 13:57:24.549,2,1829,1109,1,1110,1824,1
3385,0001,2021-01-15 13:57:25.55,2,1829,1109,1,1110,1824,1
3386,0001,2021-01-15 13:57:26.55,2,1829,1109,1,1110,1824,1
3387,0001,2021-01-15 13:57:27.565,2,1829,1109,1,1110,1824,1
3388,0001,2021-01-15 13:57:28.581,2,1829,1110,0,1111,1824,0
3389,0001,2021-01-15 13:57:29.596,2,1829,1110,0,1111,1824,0
3390,0001,2021-01-15 13:57:30.597,2,1829,1110,0,1111,1824,0
3391,0001,2021-01-15 13:57:31.613,2,1829,1110,1,1111,1824,1
3392,0001,2021-01-15 13:57:32.628,2,1829,1110,1,1111,1824,1
3393,0001,2021-01-15 13:57:33.643,2,1829,1110,1,1111,1824,1
3394,0001,2021-01-15 13:57:34.659,2,1829,1110,1,1111,1824,1
3395,0001,2021-01-15 13:57:35.674,2,1829,1110,1,1111,1824,1
3396,0001,2021-01-15 13:57:36.69,2,1829,1110,1,1111,1824,1
3397,0001,2021-01-15 13:57:37.705,2,1829,1110,0,1111,1824,0
3398,0001,2021-01-15 13:57:38.72,2,1829,1110,0,1111,1824,0
3399,0001,2021-01-15 13:57:39.736,2,1829,1110,0,1111,1824,0
3400,0001,2021-01-15 13:57:40.751,2,1829,1110,0,1111,1824,0
3401,0001,2021-01-15 13:57:41.767,2,1829,1110,1,1111,1824,1
3402,0001,2021-01-15 13:57:42.782,2,1829,1110,1,1111,1824,1
3403,0001,2021-01-15 13:57:43.797,2,1829,1110,1,1111,1824,1
3404,0001,2021-01-15 13:57:44.813,2,1829,1110,1,1111,1824,1
3405,0001,2021-01-15 13:57:45.818,2,1829,1110,1,1111,1824,1
3406,0001,2021-01-15 13:57:46.833,2,1829,1110,1,1111,1824,1
3407,0001,2021-01-15 13:57:47.849,2,1829,1110,1,1111,1824,1
3408,0001,2021-01-15 13:57:48.864,2,1829,1110,1,1111,1824,1
3409,0001,2021-01-15 13:57:49.879,2,1830,1110,0,1111,1825,0
3410,0001,2021-01-15 13:57:50.895,2,1830,1110,2,1111,1825,2
3411,0001,2021-01-15 13:57:51.91,2,1830,1110,2,1111,1825,2
3412,0001,2021-01-15 13:57:52.925,2,1830,1110,2,1111,1825,2
3413,0001,2021-01-15 13:57:53.941,2,1830,1110,2,1111,1825,2
3414,0001,2021-01-15 13:57:54.956,2,1830,1110,2,1111,1825,2
3415,0001,2021-01-15 13:57:55.972,2,1830,1110,2,1111,1825,2
3416,0001,2021-01-15 13:57:56.987,2,1830,1110,2,1111,1825,2
3417,0001,2021-01-15 13:57:58.002,2,1830,1110,3,1111,1825,3
3418,0001,2021-01-15 13:57:59.018,2,1830,1111,2,1112,1825,2
3419,0001,2021-01-15 13:58:00.033,2,1831,1111,1,1112,1826,1
3420,0001,2021-01-15 13:58:01.034,2,1831,1111,1,1112,1826,1
3421,0001,2021-01-15 13:58:02.05,2,1831,1111,1,1112,1826,1
3422,0001,2021-01-15 13:58:03.065,2,1831,1111,1,1112,1826,1
3423,0001,2021-01-15 13:58:04.08,2,1831,1111,1,1112,1826,1
3424,0001,2021-01-15 13:58:05.096,2,1831,1111,1,1112,1826,1
3425,0001,2021-01-15 13:58:06.111,2,1831,1111,1,1112,1826,1
3426,0001,2021-01-15 13:58:07.127,2,1831,1112,0,1113,1826,0
3427,0001,2021-01-15 13:58:08.142,2,1831,1112,1,1113,1826,1
3428,0001,2021-01-15 13:58:09.157,2,1831,1112,1,1113,1826,1
3429,0001,2021-01-15 13:58:10.173,2,1831,1112,1,1113,1826,1
3430,0001,2021-01-15 13:58:11.188,2,1831,1112,1,1113,1826,1
3431,0001,2021-01-15 13:58:12.203,2,1831,1112,1,1113,1826,1
3432,0001,2021-01-15 13:58:13.219,2,1831,1112,2,1113,1826,2
3433,0001,2021-01-15 13:58:14.234,2,1831,1112,2,1113,1826,2
3434,0001,2021-01-15 13:58:15.235,2,1831,1112,2,1113,1826,2
3435,0001,2021-01-15 13:58:16.251,2,1831,1112,2,1113,1826,2
3436,0001,2021-01-15 13:58:17.266,2,1831,1112,2,1113,1826,2
3437,0001,2021-01-15 13:58:18.282,2,1832,1112,1,1113,1827,1
3438,0001,2021-01-15 13:58:19.297,2,1832,1112,1,1113,1827,1
3439,0001,2021-01-15 13:58:20.312,2,1832,1112,1,1113,1827,1
3440,0001,2021-01-15 13:58:21.328,2,1832,1112,1,1113,1827,1
3441,0001,2021-01-15 13:58:22.343,2,1832,1112,1,1113,1827,1
3442,0001,2021-01-15 13:58:23.359,2,1833,1112,0,1113,1828,0
3443,0001,2021-01-15 13:58:24.374,2,1833,1112,0,1113,1828,0
3444,0001,2021-01-15 13:58:25.389,2,1833,1112,0,1113,1828,0
3445,0001,2021-01-15 13:58:26.405,2,1833,1112,0,1113,1828,0
3446,0001,2021-01-15 13:58:27.42,2,1833,1112,0,1113,1828,0
3447,0001,2021-01-15 13:58:28.435,2,1833,1112,1,1113,1828,1
3448,0001,2021-01-15 13:58:29.451,2,1833,1112,1,1113,1828,1
3449,0001,2021-01-15 13:58:30.452,2,1833,1112,1,1113,1828,1
3450,0001,2021-01-15 13:58:31.467,2,1833,1112,1,1113,1828,1
3451,0001,2021-01-15 13:58:32.483,2,1833,1112,1,1113,1828,1
3452,0001,2021-01-15 13:58:33.498,2,1833,1112,1,1113,1828,1
3453,0001,2021-01-15 13:58:34.513,2,1833,1112,1,1113,1828,1
3454,0001,2021-01-15 13:58:35.529,2,1833,1112,1,1113,1828,1
3455,0001,2021-01-15 13:58:36.544,2,1833,1112,1,1113,1828,1
3456,0001,2021-01-15 13:58:37.56,2,1833,1112,1,1113,1828,1
3457,0001,2021-01-15 13:58:38.575,2,1833,1112,1,1113,1828,1
3458,0001,2021-01-15 13:58:39.59,2,1833,1112,2,1113,1828,2
3459,0001,2021-01-15 13:58:40.606,2,1833,1112,2,1113,1828,2
3460,0001,2021-01-15 13:58:41.621,2,1833,1112,2,1113,1828,2
3461,0001,2021-01-15 13:58:42.636,2,1834,1112,1,1113,1829,1
3462,0001,2021-01-15 13:58:43.652,2,1834,1112,1,1113,1829,1
3463,0001,2021-01-15 13:58:44.667,2,1834,1112,1,1113,1829,1
3464,0001,2021-01-15 13:58:45.668,2,1834,1112,1,1113,1829,1
3465,0001,2021-01-15 13:58:46.683,2,1834,1112,2,1113,1829,2
3466,0001,2021-01-15 13:58:47.699,2,1834,1112,2,1113,1829,2
3467,0001,2021-01-15 13:58:48.714,2,1834,1112,2,1113,1829,2
3468,0001,2021-01-15 13:58:49.73,2,1834,1113,3,1114,1829,3
3469,0001,2021-01-15 13:58:50.745,2,1834,1113,3,1114,1829,3
3470,0001,2021-01-15 13:58:51.76,2,1834,1113,3,1114,1829,3
3471,0001,2021-01-15 13:58:52.776,2,1834,1113,3,1114,1829,3
3472,0001,2021-01-15 13:58:53.791,2,1834,1113,3,1114,1829,3
3473,0001,2021-01-15 13:58:54.807,2,1834,1113,3,1114,1829,3
3474,0001,2021-01-15 13:58:55.822,2,1834,1113,3,1114,1829,3
3475,0001,2021-01-15 13:58:56.837,2,1834,1114,2,1115,1829,2
3476,0001,2021-01-15 13:58:57.853,2,1834,1114,2,1115,1829,2
3477,0001,2021-01-15 13:58:58.868,2,1834,1114,2,1115,1829,2
3478,0001,2021-01-15 13:58:59.884,2,1834,1114,2,1115,1829,2
3479,0001,2021-01-15 13:59:00.885,2,1834,1114,2,1115,1829,2
3480,0001,2021-01-15 13:59:01.9,2,1834,1114,2,1115,1829,2
3481,0001,2021-01-15 13:59:02.915,2,1834,1114,2,1115,1829,2
3482,0001,2021-01-15 13:59:03.931,2,1834,1115,1,1116,1829,1
3483,0001,2021-01-15 13:59:04.946,2,1834,1115,1,1116,1829,1
3484,0001,2021-01-15 13:59:05.962,2,1834,1115,1,1116,1829,1
3485,0001,2021-01-15 13:59:06.977,2,1834,1115,1,1116,1829,1
3486,0001,2021-01-15 13:59:07.992,2,1834,1115,2,1116,1829,2
3487,0001,2021-01-15 13:59:09.008,2,1834,1115,2,1116,1829,2
3488,0001,2021-01-15 13:59:10.023,2,1834,1115,2,1116,1829,2
3489,0001,2021-01-15 13:59:11.038,2,1834,1115,2,1116,1829,2
3490,0001,2021-01-15 13:59:12.054,2,1834,1115,2,1116,1829,2
3491,0001,2021-01-15 13:59:13.069,2,1834,1115,2,1116,1829,2
3492,0001,2021-01-15 13:59:14.085,2,1834,1116,2,1117,1829,2
3493,0001,2021-01-15 13:59:15.1,2,1834,1116,2,1117,1829,2
3494,0001,2021-01-15 13:59:16.101,2,1834,1116,2,1117,1829,2
3495,0001,2021-01-15 13:59:17.116,2,1835,1116,1,1117,1830,1
3496,0001,2021-01-15 13:59:18.132,2,1835,1116,1,1117,1830,1
3497,0001,2021-01-15 13:59:19.147,2,1835,1116,1,1117,1830,1
3498,0001,2021-01-15 13:59:20.162,2,1835,1116,1,1117,1830,1
3499,0001,2021-01-15 13:59:21.178,2,1835,1116,1,1117,1830,1
3500,0001,2021-01-15 13:59:22.193,2,1835,1116,1,1117,1830,1
3501,0001,2021-01-15 13:59:23.209,2,1836,1116,0,1117,1831,0
3502,0001,2021-01-15 13:59:24.224,2,1836,1116,0,1117,1831,0
3503,0001,2021-01-15 13:59:25.239,2,1836,1116,1,1117,1831,1
3504,0001,2021-01-15 13:59:26.255,2,1836,1116,1,1117,1831,1
3505,0001,2021-01-15 13:59:27.27,2,1836,1116,0,1117,1831,0
3506,0001,2021-01-15 13:59:28.286,2,1836,1116,0,1117,1831,0
3507,0001,2021-01-15 13:59:29.301,2,1836,1116,0,1117,1831,0
3508,0001,2021-01-15 13:59:30.302,2,1836,1116,0,1117,1831,0
3509,0001,2021-01-15 13:59:31.317,2,1836,1116,1,1117,1831,1
3510,0001,2021-01-15 13:59:32.333,2,1836,1116,2,1117,1831,2
3511,0001,2021-01-15 13:59:33.348,2,1836,1116,2,1117,1831,2
3512,0001,2021-01-15 13:59:34.363,2,1836,1116,2,1117,1831,2
3513,0001,2021-01-15 13:59:35.379,2,1836,1116,2,1117,1831,2
3514,0001,2021-01-15 13:59:36.394,2,1836,1116,2,1117,1831,2
3515,0001,2021-01-15 13:59:37.41,2,1836,1116,3,1117,1831,3
3516,0001,2021-01-15 13:59:38.425,2,1836,1116,3,1117,1831,3
3517,0001,2021-01-15 13:59:39.44,2,1836,1116,4,1117,1831,4
3518,0001,2021-01-15 13:59:40.456,2,1836,1116,5,1117,1831,5
3519,0001,2021-01-15 13:59:41.471,2,1836,1117,4,1118,1831,4
3520,0001,2021-01-15 13:59:42.486,2,1836,1117,4,1118,1831,4
3521,0001,2021-01-15 13:59:43.502,2,1836,1118,3,1119,1831,3
3522,0001,2021-01-15 13:59:44.518,2,1836,1118,3,1119,1831,3
3523,0001,2021-01-15 13:59:45.518,2,1836,1118,3,1119,1831,3
3524,0001,2021-01-15 13:59:46.534,2,1836,1119,3,1120,1831,3
3525,0001,2021-01-15 13:59:47.549,2,1836,1119,3,1120,1831,3
3526,0001,2021-01-15 13:59:48.564,2,1836,1120,1,1121,1831,1
3527,0001,2021-01-15 13:59:49.58,2,1836,1120,1,1121,1831,1
3528,0001,2021-01-15 13:59:50.595,2,1837,1120,0,1121,1832,0
3529,0001,2021-01-15 13:59:51.61,2,1837,1120,0,1121,1832,0
3530,0001,2021-01-15 13:59:52.626,2,1837,1120,0,1121,1832,0
3531,0001,2021-01-15 13:59:53.641,2,1837,1120,0,1121,1832,0
3532,0001,2021-01-15 13:59:54.657,2,1837,1120,1,1121,1832,1
3533,0001,2021-01-15 13:59:55.672,2,1837,1120,2,1121,1832,2
3534,0001,2021-01-15 13:59:56.687,2,1837,1120,2,1121,1832,2
3535,0001,2021-01-15 13:59:57.703,2,1837,1120,3,1121,1832,3
3536,0001,2021-01-15 13:59:58.718,2,1837,1120,4,1121,1832,4
3537,0001,2021-01-15 13:59:59.734,2,1837,1120,4,1121,1832,4
